latitude,longitude,acq_date,cls,confidence_pct,trend,severity,why,fac_name,dist_fac,frp,bright_ti4,frp_hist,top_features
30.98096,74.19095,2026-09-30,OTHER,100.0,GROWING,HARMFUL,unclassified but growing heat source,HMEL Guru Gobind Singh Refinery Bathinda,136090.1955225465,3.23,342.28,0.0,"month=9, dist_fac=1.36e+05, frp=3.23"
30.67774,74.69925,2026-09-30,WILDFIRE,100.0,NEW,HARMFUL,wildfire,HMEL Guru Gobind Singh Refinery Bathinda,82778.0426347986,20.65,367.0,0.0,"bright_ti4=367, scan=0.34, ti_delta=64.5"
31.12642,74.61254,2026-09-30,OTHER,100.0,GROWING,HARMFUL,unclassified but growing heat source,HMEL Guru Gobind Singh Refinery Bathinda,132618.67935601625,3.62,334.65,0.0,"month=9, frp=3.62, dist_fac=1.33e+05"
31.10069,74.63891,2026-09-30,OTHER,100.0,GROWING,HARMFUL,unclassified but growing heat source,HMEL Guru Gobind Singh Refinery Bathinda,129154.8155969057,4.22,335.32,2.5233333333333334,"month=9, dist_fac=1.29e+05, frp=4.22"
31.12642,74.61254,2026-09-30,OTHER,100.0,GROWING,HARMFUL,unclassified but growing heat source,HMEL Guru Gobind Singh Refinery Bathinda,132618.67935601625,3.62,334.65,0.0,"month=9, frp=3.62, dist_fac=1.33e+05"
30.98156,74.19049,2026-09-30,OTHER,100.0,GROWING,HARMFUL,unclassified but growing heat source,HMEL Guru Gobind Singh Refinery Bathinda,136169.9574973763,2.85,342.01,0.0,"month=9, dist_fac=1.36e+05, frp=2.85"
30.98096,74.19095,2026-09-30,OTHER,100.0,GROWING,HARMFUL,unclassified but growing heat source,HMEL Guru Gobind Singh Refinery Bathinda,136090.1955225465,3.23,342.28,0.0,"month=9, dist_fac=1.36e+05, frp=3.23"
30.67774,74.69925,2026-09-30,WILDFIRE,100.0,NEW,HARMFUL,wildfire,HMEL Guru Gobind Singh Refinery Bathinda,82778.0426347986,20.65,367.0,0.0,"bright_ti4=367, scan=0.34, ti_delta=64.5"
31.10069,74.63891,2026-09-30,OTHER,100.0,GROWING,HARMFUL,unclassified but growing heat source,HMEL Guru Gobind Singh Refinery Bathinda,129154.8155969057,4.22,335.32,2.5233333333333334,"month=9, dist_fac=1.29e+05, frp=4.22"
20.96308,85.18817,2026-09-30,WILDFIRE,100.0,SHRINKING,HARMFUL,wildfire,NALCO Aluminium Smelter Angul,13070.906065996485,24.44,310.87,4.167090909090911,"frp_day=131, track=1.6, frp=24.4"
20.96788,85.16268,2026-09-30,WILDFIRE,100.0,SHRINKING,HARMFUL,wildfire,NALCO Aluminium Smelter Angul,12987.795588335517,21.18,309.9,3.6847169811320777,"frp_day=131, track=1.59, frp=21.2"
30.98156,74.19049,2026-09-30,OTHER,100.0,GROWING,HARMFUL,unclassified but growing heat source,HMEL Guru Gobind Singh Refinery Bathinda,136169.9574973763,2.85,342.01,0.0,"month=9, dist_fac=1.36e+05, frp=2.85"
9.41591,77.35759,2026-09-30,OTHER,100.0,GROWING,HARMFUL,unclassified but growing heat source,Sterlite Copper Complex Thoothukudi,106675.22676606735,15.39,317.01,1.6349999999999998,"month=9, scan=1.22, dist_fac=1.07e+05"
31.55173,75.14087,2026-09-30,OTHER,100.0,NEW,HARMLESS,other,HMEL Guru Gobind Singh Refinery Bathinda,174496.51558639485,2.9,329.78,12.06,"month=9, scan=0.61, dist_fac=1.74e+05"
9.65265,80.30958,2026-09-30,OTHER,100.0,NEW,HARMLESS,other,Dalmia Cement Bharat Dalmiapuram,207354.4317491878,4.9,334.07,0.0,"month=9, dist_fac=2.07e+05, frp=4.9"
10.05331,79.01387,2026-09-30,OTHER,100.0,NEW,HARMLESS,other,Dalmia Cement Bharat Dalmiapuram,101738.08194371486,8.03,332.98,0.0,"month=9, dist_fac=1.02e+05, hot_30=0"
9.50483,77.58497,2026-09-30,OTHER,100.0,NEW,HARMLESS,other,Sterlite Copper Complex Thoothukudi,96276.72251266323,5.27,333.29,0.0,"month=9, scan=0.62, dist_fac=9.63e+04"
10.03709,78.71851,2026-09-30,OTHER,100.0,NEW,HARMLESS,other,Dalmia Cement Bharat Dalmiapuram,106855.37322994402,3.12,330.21,0.0,"month=9, dist_fac=1.07e+05, frp=3.12"
6.43276,81.29213,2026-09-30,OTHER,100.0,NEW,HARMLESS,other,"Tuticorin Thermal Power Station (1,050 MW)",430255.1341441448,3.52,330.07,0.0,"month=9, dist_fac=4.3e+05, frp=3.52"
8.64707,80.49957,2026-09-30,OTHER,100.0,STABLE,HARMLESS,other,"Tuticorin Thermal Power Station (1,050 MW)",255926.73702438083,4.93,330.46,5.34,"month=9, dist_fac=2.56e+05, frp=4.93"
31.66297,74.76675,2026-09-30,OTHER,100.0,NEW,HARMLESS,other,HMEL Guru Gobind Singh Refinery Bathinda,188007.35125313525,2.57,341.14,0.0,"month=9, dist_fac=1.88e+05, frp=2.57"
10.70892,78.89933,2026-09-30,OTHER,100.0,NEW,HARMLESS,other,Dalmia Cement Bharat Dalmiapuram,29579.8052693182,3.04,332.8,0.0,"month=9, frp=3.04, dist_fac=2.96e+04"
31.66395,74.76625,2026-09-30,OTHER,100.0,NEW,HARMLESS,other,HMEL Guru Gobind Singh Refinery Bathinda,188121.5101647578,2.17,339.35,0.0,"month=9, dist_fac=1.88e+05, frp=2.17"
10.89286,79.01672,2026-09-30,OTHER,100.0,NEW,HARMLESS,other,Dalmia Cement Bharat Dalmiapuram,9992.415180596365,8.74,337.11,0.0,"month=9, dist_fac=9.99e+03, hot_30=0"
31.72326,74.66262,2026-09-30,OTHER,100.0,NEW,HARMLESS,other,HMEL Guru Gobind Singh Refinery Bathinda,196130.11850870834,3.06,338.76,0.0,"month=9, dist_fac=1.96e+05, frp=3.06"
11.30108,77.31915,2026-09-30,OTHER,100.0,NEW,HARMLESS,other,Coimbatore SIDCO & Kurichi Foundry Cluster,54810.243695476034,5.21,336.25,0.0,"month=9, scan=0.6, dist_fac=5.48e+04"
31.83598,74.58247,2026-09-30,OTHER,100.0,NEW,HARMLESS,other,HMEL Guru Gobind Singh Refinery Bathinda,209861.9763134539,1.99,330.01,0.0,"month=9, dist_fac=2.1e+05, frp=1.99"
13.33345,80.07598,2026-09-30,OTHER,100.0,NEW,HARMLESS,other,CPCL Manali Refinery (Chennai),28318.164818897865,2.59,336.85,0.0,"month=9, dist_fac=2.83e+04, frp=2.59"
31.38879,72.24094,2026-09-30,OTHER,100.0,NEW,HARMLESS,other,"Suratgarh Super Thermal Power Plant (2,820 MW)",292150.3343603284,5.15,344.75,0.0,"month=9, dist_fac=2.92e+05, frp=5.15"
13.87048,79.62819,2026-09-30,OTHER,100.0,NEW,HARMLESS,other,"Sri Damodaram Sanjeevaiah Krishnapatnam Power Station (1,600 MW)",74425.96465485943,2.03,336.5,0.0,"month=9, frp=2.03, dist_fac=7.44e+04"
31.93929,74.26233,2026-09-30,OTHER,100.0,NEW,HARMLESS,other,HMEL Guru Gobind Singh Refinery Bathinda,228833.2603159657,2.32,333.5,0.0,"month=9, dist_fac=2.29e+05, frp=2.32"
31.91984,73.85737,2026-09-30,OTHER,100.0,SHRINKING,HARMLESS,other,HMEL Guru Gobind Singh Refinery Bathinda,241839.23053540825,2.83,330.27,5.56,"month=9, dist_fac=2.42e+05, frp=2.83"
31.48608,74.54945,2026-09-30,OTHER,100.0,NEW,HARMLESS,other,HMEL Guru Gobind Singh Refinery Bathinda,172707.40501890733,1.51,330.8,0.0,"month=9, dist_fac=1.73e+05, frp=1.51"
31.57648,74.59917,2026-09-30,OTHER,100.0,NEW,HARMLESS,other,HMEL Guru Gobind Singh Refinery Bathinda,181322.26933524615,1.54,332.14,0.0,"month=9, dist_fac=1.81e+05, frp=1.54"
30.48984,73.85419,2026-09-30,OTHER,100.0,NEW,HARMLESS,other,HMEL Guru Gobind Singh Refinery Bathinda,125053.05009489412,5.88,346.73,0.0,"month=9, dist_fac=1.25e+05, frp=5.88"
30.98207,74.44752,2026-09-30,OTHER,100.0,NEW,HARMLESS,other,HMEL Guru Gobind Singh Refinery Bathinda,123513.26808862183,1.95,335.33,0.0,"month=9, dist_fac=1.24e+05, frp=1.95"
27.73723,96.06511,2026-09-30,OTHER,100.0,NEW,HARMLESS,other,IOCL Digboi Refinery,58164.2415567035,4.62,341.58,0.0,"month=9, frp=4.62, dist_fac=5.82e+04"
6.44447,80.75105,2026-09-30,OTHER,100.0,NEW,HARMLESS,other,"Tuticorin Thermal Power Station (1,050 MW)",383425.7303792426,3.27,335.17,0.0,"month=9, dist_fac=3.83e+05, frp=3.27"
26.81973,85.33169,2026-09-30,OTHER,100.0,NEW,HARMLESS,other,"NTPC Barh Super Thermal Power Station (3,300 MW)",153724.99272151737,2.78,337.63,0.0,"month=9, dist_fac=1.54e+05, frp=2.78"
7.25259,81.84631,2026-09-30,OTHER,100.0,NEW,HARMLESS,other,"Tuticorin Thermal Power Station (1,050 MW)",437755.28608524817,3.36,342.58,0.0,"month=9, dist_fac=4.38e+05, frp=3.36"
7.25503,81.84763,2026-09-30,OTHER,100.0,NEW,HARMLESS,other,"Tuticorin Thermal Power Station (1,050 MW)",437784.6034364817,2.35,335.69,0.0,"month=9, dist_fac=4.38e+05, frp=2.35"
25.20335,76.73972,2026-09-30,OTHER,100.0,NEW,HARMLESS,other,Chambal Fertilisers & Chemicals Gadepan,59237.2214245265,2.15,330.95,0.0,"month=9, frp=2.15, dist_fac=5.92e+04"
7.36759,81.05714,2026-09-30,OTHER,100.0,NEW,HARMLESS,other,"Tuticorin Thermal Power Station (1,050 MW)",353208.7337749196,5.79,330.09,0.0,"month=9, dist_fac=3.53e+05, frp=5.79"
28.74946,71.15385,2026-09-30,OTHER,100.0,NEW,HARMLESS,other,"Suratgarh Super Thermal Power Plant (2,820 MW)",271102.33089414367,4.97,333.1,0.0,"month=9, scan=0.61, dist_fac=2.71e+05"
7.58782,81.01924,2026-09-30,OTHER,100.0,NEW,HARMLESS,other,"Tuticorin Thermal Power Station (1,050 MW)",339240.20198244625,3.19,344.98,0.0,"month=9, dist_fac=3.39e+05, frp=3.19"
28.75048,71.15324,2026-09-30,OTHER,100.0,NEW,HARMLESS,other,"Suratgarh Super Thermal Power Plant (2,820 MW)",271139.244672477,5.22,334.72,0.0,"month=9, scan=0.61, dist_fac=2.71e+05"
7.82612,81.11343,2026-09-30,OTHER,100.0,NEW,HARMLESS,other,"Tuticorin Thermal Power Station (1,050 MW)",339722.55206348177,6.65,349.43,0.0,"month=9, dist_fac=3.4e+05, frp=6.65"
29.78814,72.8183,2026-09-30,OTHER,100.0,NEW,HARMLESS,other,"Suratgarh Super Thermal Power Plant (2,820 MW)",124071.60321578503,3.16,332.24,0.0,"month=9, dist_fac=1.24e+05, frp=3.16"
7.77802,80.84462,2026-09-30,OTHER,100.0,NEW,HARMLESS,other,"Tuticorin Thermal Power Station (1,050 MW)",313536.34832014906,4.81,338.14,0.0,"month=9, dist_fac=3.14e+05, frp=4.81"
30.33188,73.56804,2026-09-30,OTHER,100.0,NEW,HARMLESS,other,"Suratgarh Super Thermal Power Plant (2,820 MW)",131505.75791694847,1.93,333.09,0.0,"month=9, dist_fac=1.32e+05, frp=1.93"
7.83145,81.11246,2026-09-30,OTHER,100.0,NEW,HARMLESS,other,"Tuticorin Thermal Power Station (1,050 MW)",339437.9564297794,5.16,343.18,0.0,"month=9, dist_fac=3.39e+05, frp=5.16"
30.67275,74.70084,2026-09-30,OTHER,100.0,NEW,HARMLESS,other,HMEL Guru Gobind Singh Refinery Bathinda,82206.38020972408,5.06,354.33,0.0,"month=9, dist_fac=8.22e+04, frp=5.06"
7.75655,80.66175,2026-09-30,OTHER,100.0,NEW,HARMLESS,other,"Tuticorin Thermal Power Station (1,050 MW)",295660.08669119026,5.1,351.62,0.0,"month=9, dist_fac=2.96e+05, frp=5.1"
7.84398,80.6418,2026-09-30,OTHER,100.0,NEW,HARMLESS,other,"Tuticorin Thermal Power Station (1,050 MW)",290042.4059375307,2.65,333.04,0.0,"month=9, dist_fac=2.9e+05, frp=2.65"
30.67692,74.69582,2026-09-30,OTHER,100.0,NEW,HARMLESS,other,HMEL Guru Gobind Singh Refinery Bathinda,82815.71612249143,13.66,353.6,0.0,"month=9, dist_fac=8.28e+04, frp=13.7"
8.04979,81.09496,2026-09-30,OTHER,100.0,NEW,HARMLESS,other,"Tuticorin Thermal Power Station (1,050 MW)",330893.5077517209,3.34,330.23,0.0,"month=9, dist_fac=3.31e+05, frp=3.34"
14.06011,80.1069,2026-09-30,OTHER,100.0,NEW,HARMLESS,other,"Sri Damodaram Sanjeevaiah Krishnapatnam Power Station (1,600 MW)",30215.659468255613,2.65,332.64,0.0,"month=9, frp=2.65, dist_fac=3.02e+04"
8.21156,81.03739,2026-09-30,OTHER,100.0,NEW,HARMLESS,other,"Tuticorin Thermal Power Station (1,050 MW)",320778.1790890986,2.48,330.74,0.0,"month=9, dist_fac=3.21e+05, frp=2.48"
30.44163,73.6583,2026-09-30,OTHER,100.0,NEW,HARMLESS,other,HMEL Guru Gobind Singh Refinery Bathinda,140130.66552626615,2.76,338.35,0.0,"month=9, dist_fac=1.4e+05, frp=2.76"
8.12462,80.43655,2026-09-30,OTHER,100.0,NEW,HARMLESS,other,"Tuticorin Thermal Power Station (1,050 MW)",258721.01994346752,4.01,333.15,0.0,"month=9, dist_fac=2.59e+05, frp=4.01"
6.43276,81.29213,2026-09-30,OTHER,100.0,NEW,HARMLESS,other,"Tuticorin Thermal Power Station (1,050 MW)",430255.1341441448,3.52,330.07,0.0,"month=9, dist_fac=4.3e+05, frp=3.52"
31.9855,73.92519,2026-09-30,OTHER,100.0,SHRINKING,HARMLESS,other,HMEL Guru Gobind Singh Refinery Bathinda,245524.74785756812,2.87,335.32,6.49,"month=9, dist_fac=2.46e+05, frp=2.87"
32.14616,74.021,2026-09-30,OTHER,100.0,NEW,HARMLESS,other,HMEL Guru Gobind Singh Refinery Bathinda,258284.22585953565,3.03,342.14,0.0,"month=9, dist_fac=2.58e+05, frp=3.03"
22.05397,88.12537,2026-09-30,INDUSTRIAL_HEAT,100.0,SHRINKING,HARMLESS,INDUSTRIAL_HEAT: normal baseline at IOCL Haldia Refinery (4.6 km),IOCL Haldia Refinery,4557.851682387901,2.41,332.7,2.29,"dist_fac=4.56e+03, bright_ti4=333, n_day=2"
21.19019,81.41653,2026-09-30,INDUSTRIAL_HEAT,100.0,SHRINKING,HARMLESS,INDUSTRIAL_HEAT: normal baseline at SAIL Bhilai Steel Plant (1.7 km),SAIL Bhilai Steel Plant,1710.4238177064856,2.39,335.85,8.895,"dist_fac=1.71e+03, bright_ti4=336, n_day=4"
21.19428,81.41567,2026-09-30,INDUSTRIAL_HEAT,100.0,SHRINKING,HARMLESS,INDUSTRIAL_HEAT: normal baseline at SAIL Bhilai Steel Plant (1.8 km),SAIL Bhilai Steel Plant,1837.9487566861321,3.84,336.85,8.895,"dist_fac=1.84e+03, bright_ti4=337, n_day=4"
21.67693,84.04008,2026-09-30,OTHER,100.0,SHRINKING,HARMLESS,other,Vedanta Aluminium Smelter Jharsuguda,19040.408578675557,7.04,331.31,3.101428571428572,"month=9, dist_fac=1.9e+04, hot_30=1"
21.30084,81.60406,2026-09-30,OTHER,100.0,NEW,HARMLESS,other,Jayaswal Neco Industries Steel Complex Siltara,8575.491034473329,2.34,330.92,0.8966666666666668,"month=9, frp=2.34, dist_fac=8.58e+03"
21.74903,83.84386,2026-09-30,OTHER,100.0,SHRINKING,HARMLESS,other,"NTPC Darlipali Super Thermal Power Station (1,600 MW)",17346.101166563167,5.97,332.22,2.659090909090909,"month=9, dist_fac=1.73e+04, frp=5.97"
21.75508,83.84382,2026-09-30,OTHER,100.0,SHRINKING,HARMLESS,other,"NTPC Darlipali Super Thermal Power Station (1,600 MW)",16673.57468900889,4.95,334.01,2.5625,"month=9, frp=4.95, dist_fac=1.67e+04"
22.36956,87.30087,2026-09-30,OTHER,100.0,SHRINKING,HARMLESS,other,"Kolaghat Thermal Power Station (1,260 MW)",59073.89398108784,2.18,331.12,2.5544444444444445,"month=9, frp=2.18, dist_fac=5.91e+04"
22.37665,87.28062,2026-09-30,OTHER,100.0,SHRINKING,HARMLESS,other,"Kolaghat Thermal Power Station (1,260 MW)",61063.20331934165,3.61,332.34,5.097692307692308,"month=9, frp=3.61, dist_fac=6.11e+04"
21.91996,83.3512,2026-09-30,OTHER,100.0,SHRINKING,HARMLESS,other,Jindal Steel & Power (JSPL) Raigarh Plant,6389.407952746183,10.31,344.39,4.0307692307692315,"month=9, dist_fac=6.39e+03, frp_day=20.6"
22.20844,84.86346,2026-09-30,INDUSTRIAL_HEAT,100.0,SHRINKING,HARMLESS,INDUSTRIAL_HEAT: normal baseline at SAIL Rourkela Steel Plant (1.7 km),SAIL Rourkela Steel Plant,1651.2765511130146,5.7,338.54,2.26,"dist_fac=1.65e+03, n_day=2, bright_ti4=339"
22.32176,82.59049,2026-09-30,OTHER,100.0,SHRINKING,HARMLESS,other,"NTPC Korba Super Thermal Power Plant (2,600 MW)",13103.022768248718,9.47,335.09,3.732727272727273,"month=9, dist_fac=1.31e+04, n_day=2"
22.35964,82.30135,2026-09-30,OTHER,100.0,SHRINKING,HARMLESS,other,"NTPC Sipat Super Thermal Power Station (2,980 MW)",25257.33376110572,7.33,334.69,3.775454545454545,"month=9, dist_fac=2.53e+04, frp=7.33"
22.35862,82.30431,2026-09-30,OTHER,100.0,SHRINKING,HARMLESS,other,"NTPC Sipat Super Thermal Power Station (2,980 MW)",25166.39132562813,8.44,335.7,3.775454545454545,"month=9, dist_fac=2.52e+04, frp=8.44"
23.68733,87.12164,2026-09-30,OTHER,100.0,SHRINKING,HARMLESS,other,SAIL IISCO Steel Plant Burnpur,18823.9929488708,5.08,334.38,2.223157894736842,"month=9, dist_fac=1.88e+04, frp=5.08"
23.66677,86.9176,2026-09-30,INDUSTRIAL_HEAT,100.0,SHRINKING,HARMLESS,INDUSTRIAL_HEAT: normal baseline at SAIL IISCO Steel Plant Burnpur (2.1 km),SAIL IISCO Steel Plant Burnpur,2082.083172220516,4.3,339.86,1.6,"dist_fac=2.08e+03, bright_ti4=340, n_day=2"
23.6291,86.29134,2026-09-30,INDUSTRIAL_HEAT,100.0,NEW,HARMLESS,INDUSTRIAL_HEAT: normal baseline at Electrosteel Steels (ESL / Vedanta) Bokaro (4.1 km),Electrosteel Steels (ESL / Vedanta) Bokaro,4100.832431079719,4.66,336.42,0.0,"dist_fac=4.1e+03, bright_ti4=336, n_day=2"
23.68533,86.3925,2026-09-30,OTHER,100.0,SHRINKING,HARMLESS,other,Electrosteel Steels (ESL / Vedanta) Bokaro,8117.200745602642,5.5,338.89,2.684210526315789,"month=9, frp=5.5, dist_fac=8.12e+03"
23.67545,86.0864,2026-09-30,OTHER,100.0,SHRINKING,HARMLESS,other,SAIL Bokaro Steel Plant,7022.85232094045,3.37,331.57,4.13578947368421,"month=9, frp=3.37, dist_fac=7.02e+03"
23.76547,86.40469,2026-09-30,OTHER,100.0,SHRINKING,HARMLESS,other,Electrosteel Steels (ESL / Vedanta) Bokaro,15007.725067081852,1.91,330.43,3.2442307692307684,"month=9, frp=1.91, dist_fac=1.5e+04"
23.77287,86.36491,2026-09-30,OTHER,100.0,SHRINKING,HARMLESS,other,Electrosteel Steels (ESL / Vedanta) Bokaro,13881.129973518977,3.89,337.65,2.107777777777778,"month=9, dist_fac=1.39e+04, frp=3.89"
23.64773,85.43808,2026-09-30,OTHER,100.0,SHRINKING,HARMLESS,other,"Bokaro Thermal Power Station (1,070 MW)",47665.65218962505,6.06,344.49,3.3259999999999996,"month=9, dist_fac=4.77e+04, frp=6.06"
23.77995,86.20992,2026-09-30,OTHER,100.0,SHRINKING,HARMLESS,other,Chandrapura Thermal Power Station (890 MW),10006.340550340092,7.22,345.34,4.300000000000001,"month=9, dist_fac=1e+04, frp_day=14.4"
23.80181,86.32905,2026-09-30,OTHER,100.0,SHRINKING,HARMLESS,other,Electrosteel Steels (ESL / Vedanta) Bokaro,16350.500804885614,5.68,339.3,3.1736363636363634,"month=9, frp=5.68, dist_fac=1.64e+04"
23.80665,86.31663,2026-09-30,OTHER,100.0,SHRINKING,HARMLESS,other,Electrosteel Steels (ESL / Vedanta) Bokaro,16866.199559239965,4.75,333.06,3.125,"month=9, frp=4.75, dist_fac=1.69e+04"
23.6949,85.28752,2026-09-30,OTHER,100.0,SHRINKING,HARMLESS,other,"Bokaro Thermal Power Station (1,070 MW)",61315.554965681134,5.39,336.34,1.6214285714285717,"month=9, dist_fac=6.13e+04, frp=5.39"
21.14906,72.73802,2026-09-30,OTHER,100.0,NEW,HARMLESS,other,ArcelorMittal Nippon Steel (AM/NS) Hazira Works,6973.189843354499,2.95,329.95,0.0,"month=9, scan=0.74, frp=2.95"
21.08047,85.03706,2026-09-30,INDUSTRIAL_HEAT,100.0,SHRINKING,HARMLESS,"INDUSTRIAL_HEAT: normal baseline at NTPC Talcher Super Thermal Power Station Kaniha (3,000 MW) (4.8 km)","NTPC Talcher Super Thermal Power Station Kaniha (3,000 MW)",4777.916539873549,6.31,340.96,4.3412500000000005,"dist_fac=4.78e+03, bright_ti4=341, frp=6.31"
14.11986,79.93661,2026-09-30,OTHER,100.0,NEW,HARMLESS,other,"Sri Damodaram Sanjeevaiah Krishnapatnam Power Station (1,600 MW)",31324.383342540517,2.29,333.99,0.0,"month=9, frp=2.29, dist_fac=3.13e+04"
21.07705,85.0377,2026-09-30,INDUSTRIAL_HEAT,100.0,SHRINKING,HARMLESS,"INDUSTRIAL_HEAT: normal baseline at NTPC Talcher Super Thermal Power Station Kaniha (3,000 MW) (4.9 km)","NTPC Talcher Super Thermal Power Station Kaniha (3,000 MW)",4868.2393460316425,9.43,340.98,4.3412500000000005,"dist_fac=4.87e+03, frp=9.43, bright_ti4=341"
20.96964,85.17596,2026-09-30,OTHER,100.0,SHRINKING,HARMLESS,other,NALCO Aluminium Smelter Angul,13422.389726551099,11.0,352.26,3.9988059701492538,"month=9, dist_fac=1.34e+04, frp=11"
14.38589,79.73903,2026-09-30,OTHER,100.0,NEW,HARMLESS,other,"Sri Damodaram Sanjeevaiah Krishnapatnam Power Station (1,600 MW)",42449.25155095468,3.34,344.76,0.0,"month=9, dist_fac=4.24e+04, frp=3.34"
32.14397,74.02208,2026-09-30,OTHER,100.0,NEW,HARMLESS,other,HMEL Guru Gobind Singh Refinery Bathinda,258020.36080048323,3.17,341.68,0.0,"month=9, dist_fac=2.58e+05, frp=3.17"
15.1231,79.62081,2026-09-30,OTHER,100.0,SHRINKING,HARMLESS,other,"Sri Damodaram Sanjeevaiah Krishnapatnam Power Station (1,600 MW)",103655.19625738407,2.93,336.35,5.288,"month=9, frp=2.93, dist_fac=1.04e+05"
32.28489,74.45009,2026-09-30,OTHER,100.0,NEW,HARMLESS,other,HMEL Guru Gobind Singh Refinery Bathinda,261275.48742627745,2.08,338.41,0.0,"month=9, dist_fac=2.61e+05, frp=2.08"
15.12245,79.61752,2026-09-30,OTHER,100.0,SHRINKING,HARMLESS,other,"Sri Damodaram Sanjeevaiah Krishnapatnam Power Station (1,600 MW)",103780.92088255333,5.96,342.9,5.288,"month=9, frp=5.96, dist_fac=1.04e+05"
34.08183,75.33435,2026-09-30,OTHER,100.0,NEW,HARMLESS,other,HMEL Guru Gobind Singh Refinery Bathinda,456409.83536114334,4.17,325.21,0.0,"month=9, dist_fac=4.56e+05, frp=4.17"
34.82942,70.72253,2026-09-30,OTHER,100.0,NEW,HARMLESS,other,HMEL Guru Gobind Singh Refinery Bathinda,672623.2928214378,72.24,351.5,0.0,"month=9, dist_fac=6.73e+05, frp_hist=0"
15.14156,78.48534,2026-09-30,OTHER,100.0,NEW,HARMLESS,other,"Rayalaseema Thermal Power Station Kadapa (1,650 MW)",47947.458752645005,5.64,367.0,0.0,"month=9, dist_fac=4.79e+04, frp=5.64"
15.74283,80.33101,2026-09-30,OTHER,100.0,NEW,HARMLESS,other,"Dr. Narla Tata Rao Thermal Power Station Vijayawada (1,760 MW)",97578.00540000922,11.5,344.64,0.0,"month=9, scan=0.62, dist_fac=9.76e+04"
15.92106,79.36684,2026-09-30,OTHER,100.0,NEW,HARMLESS,other,"Dr. Narla Tata Rao Thermal Power Station Vijayawada (1,760 MW)",145746.05351796467,2.03,342.75,0.0,"month=9, dist_fac=1.46e+05, frp=2.03"
16.71242,79.56333,2026-09-30,OTHER,100.0,NEW,HARMLESS,other,"Dr. Narla Tata Rao Thermal Power Station Vijayawada (1,760 MW)",104396.53949132962,5.25,353.38,0.0,"month=9, dist_fac=1.04e+05, frp=5.25"
16.95251,79.41331,2026-09-30,OTHER,100.0,NEW,HARMLESS,other,"Dr. Narla Tata Rao Thermal Power Station Vijayawada (1,760 MW)",125857.1199211549,2.5,338.77,0.0,"month=9, dist_fac=1.26e+05, frp=2.5"
17.0808,79.3266,2026-09-30,OTHER,100.0,NEW,HARMLESS,other,Patancheru & Pashamylaram Heavy Industrial Zone,123731.35506199644,3.25,343.87,0.0,"month=9, frp=3.25, dist_fac=1.24e+05"
17.08417,79.32526,2026-09-30,OTHER,100.0,NEW,HARMLESS,other,Patancheru & Pashamylaram Heavy Industrial Zone,123450.72091568915,3.77,343.86,0.0,"month=9, frp=3.77, dist_fac=1.23e+05"
18.28592,78.57539,2026-09-30,OTHER,100.0,NEW,HARMLESS,other,Patancheru & Pashamylaram Heavy Industrial Zone,91031.36073799264,5.1,331.57,0.0,"month=9, dist_fac=9.1e+04, frp=5.1"
18.82128,78.50321,2026-09-30,OTHER,100.0,NEW,HARMLESS,other,"NTPC Ramagundam Super Thermal Power Station (2,600 MW)",100247.12740390009,1.63,329.18,0.0,"month=9, dist_fac=1e+05, frp=1.63"
18.93197,78.43241,2026-09-30,OTHER,100.0,NEW,HARMLESS,other,"NTPC Ramagundam Super Thermal Power Station (2,600 MW)",109169.49431715079,2.11,332.65,0.0,"month=9, dist_fac=1.09e+05, frp=2.11"
20.76149,85.29932,2026-09-30,OTHER,100.0,SHRINKING,HARMLESS,other,NALCO Aluminium Smelter Angul,18760.632201569006,4.82,331.62,3.2450000000000006,"month=9, frp=4.82, dist_fac=1.88e+04"
20.79244,85.25293,2026-09-30,OTHER,100.0,SHRINKING,HARMLESS,other,NALCO Aluminium Smelter Angul,12848.027315265717,7.04,336.26,5.010416666666665,"month=9, dist_fac=1.28e+04, frp_day=33.9"
20.79287,85.2535,2026-09-30,OTHER,100.0,SHRINKING,HARMLESS,other,NALCO Aluminium Smelter Angul,12874.330303090705,5.07,338.25,5.010416666666665,"month=9, frp=5.07, dist_fac=1.29e+04"
20.95461,86.05037,2026-09-30,INDUSTRIAL_HEAT,100.0,NEW,HARMLESS,INDUSTRIAL_HEAT: normal baseline at Jindal Stainless Limited Jajpur Works (3.1 km),Jindal Stainless Limited Jajpur Works,3141.352906118061,4.0,332.85,2.8616666666666664,"dist_fac=3.14e+03, bright_ti4=333, n_day=2"
20.99702,86.01556,2026-09-30,INDUSTRIAL_HEAT,100.0,SHRINKING,HARMLESS,INDUSTRIAL_HEAT: normal baseline at Jindal Stainless Limited Jajpur Works (3.2 km),Jindal Stainless Limited Jajpur Works,3160.2969654205835,4.25,336.67,0.0,"dist_fac=3.16e+03, bright_ti4=337, n_day=2"
20.96137,85.18972,2026-09-30,OTHER,100.0,SHRINKING,HARMLESS,other,NALCO Aluminium Smelter Angul,12945.68742869312,4.6,341.7,4.167090909090911,"month=9, frp=4.6, dist_fac=1.29e+04"
20.96478,85.18909,2026-09-30,OTHER,100.0,SHRINKING,HARMLESS,other,NALCO Aluminium Smelter Angul,13280.822233239816,4.6,331.52,4.167090909090911,"month=9, frp=4.6, dist_fac=1.33e+04"
20.96413,85.18515,2026-09-30,OTHER,100.0,SHRINKING,HARMLESS,other,NALCO Aluminium Smelter Angul,13082.876894694697,7.22,330.93,4.167090909090911,"month=9, dist_fac=1.31e+04, frp=7.22"
20.96218,85.17331,2026-09-30,OTHER,100.0,SHRINKING,HARMLESS,other,NALCO Aluminium Smelter Angul,12552.57178578854,5.38,331.76,3.9988059701492538,"month=9, frp=5.38, dist_fac=1.26e+04"
20.96493,85.16869,2026-09-30,OTHER,100.0,SHRINKING,HARMLESS,other,NALCO Aluminium Smelter Angul,12757.75756233652,5.35,336.36,3.6847169811320777,"month=9, frp=5.35, dist_fac=1.28e+04"
20.9758,85.1707,2026-09-30,OTHER,100.0,SHRINKING,HARMLESS,other,NALCO Aluminium Smelter Angul,13984.306988791064,4.55,331.92,3.9988059701492538,"month=9, frp=4.55, dist_fac=1.4e+04"
27.73602,96.06626,2026-09-30,OTHER,100.0,NEW,HARMLESS,other,IOCL Digboi Refinery,58156.52368478373,4.45,343.47,0.0,"month=9, frp=4.45, dist_fac=5.82e+04"
8.25194,81.16045,2026-09-30,OTHER,100.0,NEW,HARMLESS,other,"Tuticorin Thermal Power Station (1,050 MW)",333265.3168268981,15.14,310.26,0.0,"month=9, dist_fac=3.33e+05, scan=2.42"
10.47908,77.93805,2026-09-30,OTHER,100.0,NEW,HARMLESS,other,Coimbatore SIDCO & Kurichi Foundry Cluster,117136.35606064068,6.48,311.85,0.0,"month=9, scan=1.27, dist_fac=1.17e+05"
15.74283,80.33101,2026-09-30,OTHER,100.0,NEW,HARMLESS,other,"Dr. Narla Tata Rao Thermal Power Station Vijayawada (1,760 MW)",97578.00540000922,11.5,344.64,0.0,"month=9, scan=0.62, dist_fac=9.76e+04"
15.92106,79.36684,2026-09-30,OTHER,100.0,NEW,HARMLESS,other,"Dr. Narla Tata Rao Thermal Power Station Vijayawada (1,760 MW)",145746.05351796467,2.03,342.75,0.0,"month=9, dist_fac=1.46e+05, frp=2.03"
16.71242,79.56333,2026-09-30,OTHER,100.0,NEW,HARMLESS,other,"Dr. Narla Tata Rao Thermal Power Station Vijayawada (1,760 MW)",104396.53949132962,5.25,353.38,0.0,"month=9, dist_fac=1.04e+05, frp=5.25"
16.95251,79.41331,2026-09-30,OTHER,100.0,NEW,HARMLESS,other,"Dr. Narla Tata Rao Thermal Power Station Vijayawada (1,760 MW)",125857.1199211549,2.5,338.77,0.0,"month=9, dist_fac=1.26e+05, frp=2.5"
17.0808,79.3266,2026-09-30,OTHER,100.0,NEW,HARMLESS,other,Patancheru & Pashamylaram Heavy Industrial Zone,123731.35506199644,3.25,343.87,0.0,"month=9, frp=3.25, dist_fac=1.24e+05"
17.08417,79.32526,2026-09-30,OTHER,100.0,NEW,HARMLESS,other,Patancheru & Pashamylaram Heavy Industrial Zone,123450.72091568915,3.77,343.86,0.0,"month=9, frp=3.77, dist_fac=1.23e+05"
18.28592,78.57539,2026-09-30,OTHER,100.0,NEW,HARMLESS,other,Patancheru & Pashamylaram Heavy Industrial Zone,91031.36073799264,5.1,331.57,0.0,"month=9, dist_fac=9.1e+04, frp=5.1"
18.82128,78.50321,2026-09-30,OTHER,100.0,NEW,HARMLESS,other,"NTPC Ramagundam Super Thermal Power Station (2,600 MW)",100247.12740390009,1.63,329.18,0.0,"month=9, dist_fac=1e+05, frp=1.63"
18.93197,78.43241,2026-09-30,OTHER,100.0,NEW,HARMLESS,other,"NTPC Ramagundam Super Thermal Power Station (2,600 MW)",109169.49431715079,2.11,332.65,0.0,"month=9, dist_fac=1.09e+05, frp=2.11"
20.76149,85.29932,2026-09-30,OTHER,100.0,SHRINKING,HARMLESS,other,NALCO Aluminium Smelter Angul,18760.632201569006,4.82,331.62,3.2450000000000006,"month=9, frp=4.82, dist_fac=1.88e+04"
20.79244,85.25293,2026-09-30,OTHER,100.0,SHRINKING,HARMLESS,other,NALCO Aluminium Smelter Angul,12848.027315265717,7.04,336.26,5.010416666666665,"month=9, dist_fac=1.28e+04, frp_day=33.9"
20.79287,85.2535,2026-09-30,OTHER,100.0,SHRINKING,HARMLESS,other,NALCO Aluminium Smelter Angul,12874.330303090705,5.07,338.25,5.010416666666665,"month=9, frp=5.07, dist_fac=1.29e+04"
20.95461,86.05037,2026-09-30,INDUSTRIAL_HEAT,100.0,NEW,HARMLESS,INDUSTRIAL_HEAT: normal baseline at Jindal Stainless Limited Jajpur Works (3.1 km),Jindal Stainless Limited Jajpur Works,3141.352906118061,4.0,332.85,2.8616666666666664,"dist_fac=3.14e+03, bright_ti4=333, n_day=2"
20.96137,85.18972,2026-09-30,OTHER,100.0,SHRINKING,HARMLESS,other,NALCO Aluminium Smelter Angul,12945.68742869312,4.6,341.7,4.167090909090911,"month=9, frp=4.6, dist_fac=1.29e+04"
20.96218,85.17331,2026-09-30,OTHER,100.0,SHRINKING,HARMLESS,other,NALCO Aluminium Smelter Angul,12552.57178578854,5.38,331.76,3.9988059701492538,"month=9, frp=5.38, dist_fac=1.26e+04"
20.96413,85.18515,2026-09-30,OTHER,100.0,SHRINKING,HARMLESS,other,NALCO Aluminium Smelter Angul,13082.876894694697,7.22,330.93,4.167090909090911,"month=9, dist_fac=1.31e+04, frp=7.22"
20.96478,85.18909,2026-09-30,OTHER,100.0,SHRINKING,HARMLESS,other,NALCO Aluminium Smelter Angul,13280.822233239816,4.6,331.52,4.167090909090911,"month=9, frp=4.6, dist_fac=1.33e+04"
20.96493,85.16869,2026-09-30,OTHER,100.0,SHRINKING,HARMLESS,other,NALCO Aluminium Smelter Angul,12757.75756233652,5.35,336.36,3.6847169811320777,"month=9, frp=5.35, dist_fac=1.28e+04"
20.96964,85.17596,2026-09-30,OTHER,100.0,SHRINKING,HARMLESS,other,NALCO Aluminium Smelter Angul,13422.389726551099,11.0,352.26,3.9988059701492538,"month=9, dist_fac=1.34e+04, frp=11"
20.9758,85.1707,2026-09-30,OTHER,100.0,SHRINKING,HARMLESS,other,NALCO Aluminium Smelter Angul,13984.306988791064,4.55,331.92,3.9988059701492538,"month=9, frp=4.55, dist_fac=1.4e+04"
20.99702,86.01556,2026-09-30,INDUSTRIAL_HEAT,100.0,SHRINKING,HARMLESS,INDUSTRIAL_HEAT: normal baseline at Jindal Stainless Limited Jajpur Works (3.2 km),Jindal Stainless Limited Jajpur Works,3160.2969654205835,4.25,336.67,0.0,"dist_fac=3.16e+03, bright_ti4=337, n_day=2"
21.07705,85.0377,2026-09-30,INDUSTRIAL_HEAT,100.0,SHRINKING,HARMLESS,"INDUSTRIAL_HEAT: normal baseline at NTPC Talcher Super Thermal Power Station Kaniha (3,000 MW) (4.9 km)","NTPC Talcher Super Thermal Power Station Kaniha (3,000 MW)",4868.2393460316425,9.43,340.98,4.3412500000000005,"dist_fac=4.87e+03, frp=9.43, bright_ti4=341"
21.08047,85.03706,2026-09-30,INDUSTRIAL_HEAT,100.0,SHRINKING,HARMLESS,"INDUSTRIAL_HEAT: normal baseline at NTPC Talcher Super Thermal Power Station Kaniha (3,000 MW) (4.8 km)","NTPC Talcher Super Thermal Power Station Kaniha (3,000 MW)",4777.916539873549,6.31,340.96,4.3412500000000005,"dist_fac=4.78e+03, bright_ti4=341, frp=6.31"
21.19019,81.41653,2026-09-30,INDUSTRIAL_HEAT,100.0,SHRINKING,HARMLESS,INDUSTRIAL_HEAT: normal baseline at SAIL Bhilai Steel Plant (1.7 km),SAIL Bhilai Steel Plant,1710.4238177064856,2.39,335.85,8.895,"dist_fac=1.71e+03, bright_ti4=336, n_day=4"
21.19428,81.41567,2026-09-30,INDUSTRIAL_HEAT,100.0,SHRINKING,HARMLESS,INDUSTRIAL_HEAT: normal baseline at SAIL Bhilai Steel Plant (1.8 km),SAIL Bhilai Steel Plant,1837.9487566861321,3.84,336.85,8.895,"dist_fac=1.84e+03, bright_ti4=337, n_day=4"
15.14156,78.48534,2026-09-30,OTHER,100.0,NEW,HARMLESS,other,"Rayalaseema Thermal Power Station Kadapa (1,650 MW)",47947.458752645005,5.64,367.0,0.0,"month=9, dist_fac=4.79e+04, frp=5.64"
21.30084,81.60406,2026-09-30,OTHER,100.0,NEW,HARMLESS,other,Jayaswal Neco Industries Steel Complex Siltara,8575.491034473329,2.34,330.92,0.8966666666666668,"month=9, frp=2.34, dist_fac=8.58e+03"
15.1231,79.62081,2026-09-30,OTHER,100.0,SHRINKING,HARMLESS,other,"Sri Damodaram Sanjeevaiah Krishnapatnam Power Station (1,600 MW)",103655.19625738407,2.93,336.35,5.288,"month=9, frp=2.93, dist_fac=1.04e+05"
14.38589,79.73903,2026-09-30,OTHER,100.0,NEW,HARMLESS,other,"Sri Damodaram Sanjeevaiah Krishnapatnam Power Station (1,600 MW)",42449.25155095468,3.34,344.76,0.0,"month=9, dist_fac=4.24e+04, frp=3.34"
6.44447,80.75105,2026-09-30,OTHER,100.0,NEW,HARMLESS,other,"Tuticorin Thermal Power Station (1,050 MW)",383425.7303792426,3.27,335.17,0.0,"month=9, dist_fac=3.83e+05, frp=3.27"
7.25259,81.84631,2026-09-30,OTHER,100.0,NEW,HARMLESS,other,"Tuticorin Thermal Power Station (1,050 MW)",437755.28608524817,3.36,342.58,0.0,"month=9, dist_fac=4.38e+05, frp=3.36"
7.25503,81.84763,2026-09-30,OTHER,100.0,NEW,HARMLESS,other,"Tuticorin Thermal Power Station (1,050 MW)",437784.6034364817,2.35,335.69,0.0,"month=9, dist_fac=4.38e+05, frp=2.35"
7.36759,81.05714,2026-09-30,OTHER,100.0,NEW,HARMLESS,other,"Tuticorin Thermal Power Station (1,050 MW)",353208.7337749196,5.79,330.09,0.0,"month=9, dist_fac=3.53e+05, frp=5.79"
7.58782,81.01924,2026-09-30,OTHER,100.0,NEW,HARMLESS,other,"Tuticorin Thermal Power Station (1,050 MW)",339240.20198244625,3.19,344.98,0.0,"month=9, dist_fac=3.39e+05, frp=3.19"
7.75655,80.66175,2026-09-30,OTHER,100.0,NEW,HARMLESS,other,"Tuticorin Thermal Power Station (1,050 MW)",295660.08669119026,5.1,351.62,0.0,"month=9, dist_fac=2.96e+05, frp=5.1"
7.77802,80.84462,2026-09-30,OTHER,100.0,NEW,HARMLESS,other,"Tuticorin Thermal Power Station (1,050 MW)",313536.34832014906,4.81,338.14,0.0,"month=9, dist_fac=3.14e+05, frp=4.81"
7.82612,81.11343,2026-09-30,OTHER,100.0,NEW,HARMLESS,other,"Tuticorin Thermal Power Station (1,050 MW)",339722.55206348177,6.65,349.43,0.0,"month=9, dist_fac=3.4e+05, frp=6.65"
7.83145,81.11246,2026-09-30,OTHER,100.0,NEW,HARMLESS,other,"Tuticorin Thermal Power Station (1,050 MW)",339437.9564297794,5.16,343.18,0.0,"month=9, dist_fac=3.39e+05, frp=5.16"
7.84398,80.6418,2026-09-30,OTHER,100.0,NEW,HARMLESS,other,"Tuticorin Thermal Power Station (1,050 MW)",290042.4059375307,2.65,333.04,0.0,"month=9, dist_fac=2.9e+05, frp=2.65"
8.04979,81.09496,2026-09-30,OTHER,100.0,NEW,HARMLESS,other,"Tuticorin Thermal Power Station (1,050 MW)",330893.5077517209,3.34,330.23,0.0,"month=9, dist_fac=3.31e+05, frp=3.34"
8.12462,80.43655,2026-09-30,OTHER,100.0,NEW,HARMLESS,other,"Tuticorin Thermal Power Station (1,050 MW)",258721.01994346752,4.01,333.15,0.0,"month=9, dist_fac=2.59e+05, frp=4.01"
8.21156,81.03739,2026-09-30,OTHER,100.0,NEW,HARMLESS,other,"Tuticorin Thermal Power Station (1,050 MW)",320778.1790890986,2.48,330.74,0.0,"month=9, dist_fac=3.21e+05, frp=2.48"
8.64707,80.49957,2026-09-30,OTHER,100.0,STABLE,HARMLESS,other,"Tuticorin Thermal Power Station (1,050 MW)",255926.73702438083,4.93,330.46,5.34,"month=9, dist_fac=2.56e+05, frp=4.93"
9.50483,77.58497,2026-09-30,OTHER,100.0,NEW,HARMLESS,other,Sterlite Copper Complex Thoothukudi,96276.72251266323,5.27,333.29,0.0,"month=9, scan=0.62, dist_fac=9.63e+04"
9.65265,80.30958,2026-09-30,OTHER,100.0,NEW,HARMLESS,other,Dalmia Cement Bharat Dalmiapuram,207354.4317491878,4.9,334.07,0.0,"month=9, dist_fac=2.07e+05, frp=4.9"
10.03709,78.71851,2026-09-30,OTHER,100.0,NEW,HARMLESS,other,Dalmia Cement Bharat Dalmiapuram,106855.37322994402,3.12,330.21,0.0,"month=9, dist_fac=1.07e+05, frp=3.12"
10.05331,79.01387,2026-09-30,OTHER,100.0,NEW,HARMLESS,other,Dalmia Cement Bharat Dalmiapuram,101738.08194371486,8.03,332.98,0.0,"month=9, dist_fac=1.02e+05, hot_30=0"
10.70892,78.89933,2026-09-30,OTHER,100.0,NEW,HARMLESS,other,Dalmia Cement Bharat Dalmiapuram,29579.8052693182,3.04,332.8,0.0,"month=9, frp=3.04, dist_fac=2.96e+04"
10.89286,79.01672,2026-09-30,OTHER,100.0,NEW,HARMLESS,other,Dalmia Cement Bharat Dalmiapuram,9992.415180596365,8.74,337.11,0.0,"month=9, dist_fac=9.99e+03, hot_30=0"
11.30108,77.31915,2026-09-30,OTHER,100.0,NEW,HARMLESS,other,Coimbatore SIDCO & Kurichi Foundry Cluster,54810.243695476034,5.21,336.25,0.0,"month=9, scan=0.6, dist_fac=5.48e+04"
13.33345,80.07598,2026-09-30,OTHER,100.0,NEW,HARMLESS,other,CPCL Manali Refinery (Chennai),28318.164818897865,2.59,336.85,0.0,"month=9, dist_fac=2.83e+04, frp=2.59"
13.87048,79.62819,2026-09-30,OTHER,100.0,NEW,HARMLESS,other,"Sri Damodaram Sanjeevaiah Krishnapatnam Power Station (1,600 MW)",74425.96465485943,2.03,336.5,0.0,"month=9, frp=2.03, dist_fac=7.44e+04"
14.06011,80.1069,2026-09-30,OTHER,100.0,NEW,HARMLESS,other,"Sri Damodaram Sanjeevaiah Krishnapatnam Power Station (1,600 MW)",30215.659468255613,2.65,332.64,0.0,"month=9, frp=2.65, dist_fac=3.02e+04"
14.11986,79.93661,2026-09-30,OTHER,100.0,NEW,HARMLESS,other,"Sri Damodaram Sanjeevaiah Krishnapatnam Power Station (1,600 MW)",31324.383342540517,2.29,333.99,0.0,"month=9, frp=2.29, dist_fac=3.13e+04"
15.12245,79.61752,2026-09-30,OTHER,100.0,SHRINKING,HARMLESS,other,"Sri Damodaram Sanjeevaiah Krishnapatnam Power Station (1,600 MW)",103780.92088255333,5.96,342.9,5.288,"month=9, frp=5.96, dist_fac=1.04e+05"
10.96837,77.15731,2026-09-30,OTHER,100.0,NEW,HARMLESS,other,Coimbatore SIDCO & Kurichi Foundry Cluster,20117.352929012355,14.17,326.22,0.0,"month=9, scan=1.14, dist_fac=2.01e+04"
21.67693,84.04008,2026-09-30,OTHER,100.0,SHRINKING,HARMLESS,other,Vedanta Aluminium Smelter Jharsuguda,19040.408578675557,7.04,331.31,3.101428571428572,"month=9, dist_fac=1.9e+04, hot_30=1"
21.75508,83.84382,2026-09-30,OTHER,100.0,SHRINKING,HARMLESS,other,"NTPC Darlipali Super Thermal Power Station (1,600 MW)",16673.57468900889,4.95,334.01,2.5625,"month=9, frp=4.95, dist_fac=1.67e+04"
29.78814,72.8183,2026-09-30,OTHER,100.0,NEW,HARMLESS,other,"Suratgarh Super Thermal Power Plant (2,820 MW)",124071.60321578503,3.16,332.24,0.0,"month=9, dist_fac=1.24e+05, frp=3.16"
30.33188,73.56804,2026-09-30,OTHER,100.0,NEW,HARMLESS,other,"Suratgarh Super Thermal Power Plant (2,820 MW)",131505.75791694847,1.93,333.09,0.0,"month=9, dist_fac=1.32e+05, frp=1.93"
30.44163,73.6583,2026-09-30,OTHER,100.0,NEW,HARMLESS,other,HMEL Guru Gobind Singh Refinery Bathinda,140130.66552626615,2.76,338.35,0.0,"month=9, dist_fac=1.4e+05, frp=2.76"
30.48984,73.85419,2026-09-30,OTHER,100.0,NEW,HARMLESS,other,HMEL Guru Gobind Singh Refinery Bathinda,125053.05009489412,5.88,346.73,0.0,"month=9, dist_fac=1.25e+05, frp=5.88"
30.67275,74.70084,2026-09-30,OTHER,100.0,NEW,HARMLESS,other,HMEL Guru Gobind Singh Refinery Bathinda,82206.38020972408,5.06,354.33,0.0,"month=9, dist_fac=8.22e+04, frp=5.06"
30.67692,74.69582,2026-09-30,OTHER,100.0,NEW,HARMLESS,other,HMEL Guru Gobind Singh Refinery Bathinda,82815.71612249143,13.66,353.6,0.0,"month=9, dist_fac=8.28e+04, frp=13.7"
30.98207,74.44752,2026-09-30,OTHER,100.0,NEW,HARMLESS,other,HMEL Guru Gobind Singh Refinery Bathinda,123513.26808862183,1.95,335.33,0.0,"month=9, dist_fac=1.24e+05, frp=1.95"
31.38879,72.24094,2026-09-30,OTHER,100.0,NEW,HARMLESS,other,"Suratgarh Super Thermal Power Plant (2,820 MW)",292150.3343603284,5.15,344.75,0.0,"month=9, dist_fac=2.92e+05, frp=5.15"
31.48608,74.54945,2026-09-30,OTHER,100.0,NEW,HARMLESS,other,HMEL Guru Gobind Singh Refinery Bathinda,172707.40501890733,1.51,330.8,0.0,"month=9, dist_fac=1.73e+05, frp=1.51"
31.55173,75.14087,2026-09-30,OTHER,100.0,NEW,HARMLESS,other,HMEL Guru Gobind Singh Refinery Bathinda,174496.51558639485,2.9,329.78,12.06,"month=9, scan=0.61, dist_fac=1.74e+05"
31.57648,74.59917,2026-09-30,OTHER,100.0,NEW,HARMLESS,other,HMEL Guru Gobind Singh Refinery Bathinda,181322.26933524615,1.54,332.14,0.0,"month=9, dist_fac=1.81e+05, frp=1.54"
31.66297,74.76675,2026-09-30,OTHER,100.0,NEW,HARMLESS,other,HMEL Guru Gobind Singh Refinery Bathinda,188007.35125313525,2.57,341.14,0.0,"month=9, dist_fac=1.88e+05, frp=2.57"
31.66395,74.76625,2026-09-30,OTHER,100.0,NEW,HARMLESS,other,HMEL Guru Gobind Singh Refinery Bathinda,188121.5101647578,2.17,339.35,0.0,"month=9, dist_fac=1.88e+05, frp=2.17"
31.72326,74.66262,2026-09-30,OTHER,100.0,NEW,HARMLESS,other,HMEL Guru Gobind Singh Refinery Bathinda,196130.11850870834,3.06,338.76,0.0,"month=9, dist_fac=1.96e+05, frp=3.06"
31.83598,74.58247,2026-09-30,OTHER,100.0,NEW,HARMLESS,other,HMEL Guru Gobind Singh Refinery Bathinda,209861.9763134539,1.99,330.01,0.0,"month=9, dist_fac=2.1e+05, frp=1.99"
31.91984,73.85737,2026-09-30,OTHER,100.0,SHRINKING,HARMLESS,other,HMEL Guru Gobind Singh Refinery Bathinda,241839.23053540825,2.83,330.27,5.56,"month=9, dist_fac=2.42e+05, frp=2.83"
31.93929,74.26233,2026-09-30,OTHER,100.0,NEW,HARMLESS,other,HMEL Guru Gobind Singh Refinery Bathinda,228833.2603159657,2.32,333.5,0.0,"month=9, dist_fac=2.29e+05, frp=2.32"
31.9855,73.92519,2026-09-30,OTHER,100.0,SHRINKING,HARMLESS,other,HMEL Guru Gobind Singh Refinery Bathinda,245524.74785756812,2.87,335.32,6.49,"month=9, dist_fac=2.46e+05, frp=2.87"
32.14397,74.02208,2026-09-30,OTHER,100.0,NEW,HARMLESS,other,HMEL Guru Gobind Singh Refinery Bathinda,258020.36080048323,3.17,341.68,0.0,"month=9, dist_fac=2.58e+05, frp=3.17"
32.14616,74.021,2026-09-30,OTHER,100.0,NEW,HARMLESS,other,HMEL Guru Gobind Singh Refinery Bathinda,258284.22585953565,3.03,342.14,0.0,"month=9, dist_fac=2.58e+05, frp=3.03"
32.28489,74.45009,2026-09-30,OTHER,100.0,NEW,HARMLESS,other,HMEL Guru Gobind Singh Refinery Bathinda,261275.48742627745,2.08,338.41,0.0,"month=9, dist_fac=2.61e+05, frp=2.08"
34.08183,75.33435,2026-09-30,OTHER,100.0,NEW,HARMLESS,other,HMEL Guru Gobind Singh Refinery Bathinda,456409.83536114334,4.17,325.21,0.0,"month=9, dist_fac=4.56e+05, frp=4.17"
34.82942,70.72253,2026-09-30,OTHER,100.0,NEW,HARMLESS,other,HMEL Guru Gobind Singh Refinery Bathinda,672623.2928214378,72.24,351.5,0.0,"month=9, dist_fac=6.73e+05, frp_hist=0"
7.54203,80.82706,2026-09-30,OTHER,100.0,NEW,HARMLESS,other,"Tuticorin Thermal Power Station (1,050 MW)",321943.4417850666,17.93,309.29,0.0,"month=9, dist_fac=3.22e+05, scan=2.34"
22.85707,75.72878,2026-09-30,OTHER,100.0,NEW,HARMLESS,other,"NTPC Khargone Super Thermal Power Plant (1,320 MW)",122462.40410282483,2.87,330.52,0.0,"month=9, dist_fac=1.22e+05, frp=2.87"
28.75048,71.15324,2026-09-30,OTHER,100.0,NEW,HARMLESS,other,"Suratgarh Super Thermal Power Plant (2,820 MW)",271139.244672477,5.22,334.72,0.0,"month=9, scan=0.61, dist_fac=2.71e+05"
21.74903,83.84386,2026-09-30,OTHER,100.0,SHRINKING,HARMLESS,other,"NTPC Darlipali Super Thermal Power Station (1,600 MW)",17346.101166563167,5.97,332.22,2.659090909090909,"month=9, dist_fac=1.73e+04, frp=5.97"
28.74946,71.15385,2026-09-30,OTHER,100.0,NEW,HARMLESS,other,"Suratgarh Super Thermal Power Plant (2,820 MW)",271102.33089414367,4.97,333.1,0.0,"month=9, scan=0.61, dist_fac=2.71e+05"
23.80665,86.31663,2026-09-30,OTHER,100.0,SHRINKING,HARMLESS,other,Electrosteel Steels (ESL / Vedanta) Bokaro,16866.199559239965,4.75,333.06,3.125,"month=9, frp=4.75, dist_fac=1.69e+04"
21.91996,83.3512,2026-09-30,OTHER,100.0,SHRINKING,HARMLESS,other,Jindal Steel & Power (JSPL) Raigarh Plant,6389.407952746183,10.31,344.39,4.0307692307692315,"month=9, dist_fac=6.39e+03, frp_day=20.6"
22.05397,88.12537,2026-09-30,INDUSTRIAL_HEAT,100.0,SHRINKING,HARMLESS,INDUSTRIAL_HEAT: normal baseline at IOCL Haldia Refinery (4.6 km),IOCL Haldia Refinery,4557.851682387901,2.41,332.7,2.29,"dist_fac=4.56e+03, bright_ti4=333, n_day=2"
22.20844,84.86346,2026-09-30,INDUSTRIAL_HEAT,100.0,SHRINKING,HARMLESS,INDUSTRIAL_HEAT: normal baseline at SAIL Rourkela Steel Plant (1.7 km),SAIL Rourkela Steel Plant,1651.2765511130146,5.7,338.54,2.26,"dist_fac=1.65e+03, n_day=2, bright_ti4=339"
22.32176,82.59049,2026-09-30,OTHER,100.0,SHRINKING,HARMLESS,other,"NTPC Korba Super Thermal Power Plant (2,600 MW)",13103.022768248718,9.47,335.09,3.732727272727273,"month=9, dist_fac=1.31e+04, n_day=2"
22.35862,82.30431,2026-09-30,OTHER,100.0,SHRINKING,HARMLESS,other,"NTPC Sipat Super Thermal Power Station (2,980 MW)",25166.39132562813,8.44,335.7,3.775454545454545,"month=9, dist_fac=2.52e+04, frp=8.44"
22.35964,82.30135,2026-09-30,OTHER,100.0,SHRINKING,HARMLESS,other,"NTPC Sipat Super Thermal Power Station (2,980 MW)",25257.33376110572,7.33,334.69,3.775454545454545,"month=9, dist_fac=2.53e+04, frp=7.33"
22.36956,87.30087,2026-09-30,OTHER,100.0,SHRINKING,HARMLESS,other,"Kolaghat Thermal Power Station (1,260 MW)",59073.89398108784,2.18,331.12,2.5544444444444445,"month=9, frp=2.18, dist_fac=5.91e+04"
22.37665,87.28062,2026-09-30,OTHER,100.0,SHRINKING,HARMLESS,other,"Kolaghat Thermal Power Station (1,260 MW)",61063.20331934165,3.61,332.34,5.097692307692308,"month=9, frp=3.61, dist_fac=6.11e+04"
23.6291,86.29134,2026-09-30,INDUSTRIAL_HEAT,100.0,NEW,HARMLESS,INDUSTRIAL_HEAT: normal baseline at Electrosteel Steels (ESL / Vedanta) Bokaro (4.1 km),Electrosteel Steels (ESL / Vedanta) Bokaro,4100.832431079719,4.66,336.42,0.0,"dist_fac=4.1e+03, bright_ti4=336, n_day=2"
23.66677,86.9176,2026-09-30,INDUSTRIAL_HEAT,100.0,SHRINKING,HARMLESS,INDUSTRIAL_HEAT: normal baseline at SAIL IISCO Steel Plant Burnpur (2.1 km),SAIL IISCO Steel Plant Burnpur,2082.083172220516,4.3,339.86,1.6,"dist_fac=2.08e+03, bright_ti4=340, n_day=2"
23.67545,86.0864,2026-09-30,OTHER,100.0,SHRINKING,HARMLESS,other,SAIL Bokaro Steel Plant,7022.85232094045,3.37,331.57,4.13578947368421,"month=9, frp=3.37, dist_fac=7.02e+03"
23.68533,86.3925,2026-09-30,OTHER,100.0,SHRINKING,HARMLESS,other,Electrosteel Steels (ESL / Vedanta) Bokaro,8117.200745602642,5.5,338.89,2.684210526315789,"month=9, frp=5.5, dist_fac=8.12e+03"
23.68733,87.12164,2026-09-30,OTHER,100.0,SHRINKING,HARMLESS,other,SAIL IISCO Steel Plant Burnpur,18823.9929488708,5.08,334.38,2.223157894736842,"month=9, dist_fac=1.88e+04, frp=5.08"
23.76547,86.40469,2026-09-30,OTHER,100.0,SHRINKING,HARMLESS,other,Electrosteel Steels (ESL / Vedanta) Bokaro,15007.725067081852,1.91,330.43,3.2442307692307684,"month=9, frp=1.91, dist_fac=1.5e+04"
25.20335,76.73972,2026-09-30,OTHER,100.0,NEW,HARMLESS,other,Chambal Fertilisers & Chemicals Gadepan,59237.2214245265,2.15,330.95,0.0,"month=9, frp=2.15, dist_fac=5.92e+04"
26.81973,85.33169,2026-09-30,OTHER,100.0,NEW,HARMLESS,other,"NTPC Barh Super Thermal Power Station (3,300 MW)",153724.99272151737,2.78,337.63,0.0,"month=9, dist_fac=1.54e+05, frp=2.78"
27.73602,96.06626,2026-09-30,OTHER,100.0,NEW,HARMLESS,other,IOCL Digboi Refinery,58156.52368478373,4.45,343.47,0.0,"month=9, frp=4.45, dist_fac=5.82e+04"
27.73723,96.06511,2026-09-30,OTHER,100.0,NEW,HARMLESS,other,IOCL Digboi Refinery,58164.2415567035,4.62,341.58,0.0,"month=9, frp=4.62, dist_fac=5.82e+04"
21.14906,72.73802,2026-09-30,OTHER,100.0,NEW,HARMLESS,other,ArcelorMittal Nippon Steel (AM/NS) Hazira Works,6973.189843354499,2.95,329.95,0.0,"month=9, scan=0.74, frp=2.95"
22.85707,75.72878,2026-09-30,OTHER,100.0,NEW,HARMLESS,other,"NTPC Khargone Super Thermal Power Plant (1,320 MW)",122462.40410282483,2.87,330.52,0.0,"month=9, dist_fac=1.22e+05, frp=2.87"
23.64773,85.43808,2026-09-30,OTHER,100.0,SHRINKING,HARMLESS,other,"Bokaro Thermal Power Station (1,070 MW)",47665.65218962505,6.06,344.49,3.3259999999999996,"month=9, dist_fac=4.77e+04, frp=6.06"
23.6949,85.28752,2026-09-30,OTHER,100.0,SHRINKING,HARMLESS,other,"Bokaro Thermal Power Station (1,070 MW)",61315.554965681134,5.39,336.34,1.6214285714285717,"month=9, dist_fac=6.13e+04, frp=5.39"
23.77287,86.36491,2026-09-30,OTHER,100.0,SHRINKING,HARMLESS,other,Electrosteel Steels (ESL / Vedanta) Bokaro,13881.129973518977,3.89,337.65,2.107777777777778,"month=9, dist_fac=1.39e+04, frp=3.89"
23.77995,86.20992,2026-09-30,OTHER,100.0,SHRINKING,HARMLESS,other,Chandrapura Thermal Power Station (890 MW),10006.340550340092,7.22,345.34,4.300000000000001,"month=9, dist_fac=1e+04, frp_day=14.4"
23.80181,86.32905,2026-09-30,OTHER,100.0,SHRINKING,HARMLESS,other,Electrosteel Steels (ESL / Vedanta) Bokaro,16350.500804885614,5.68,339.3,3.1736363636363634,"month=9, frp=5.68, dist_fac=1.64e+04"
26.20095,90.49501,2026-09-30,OTHER,100.0,NEW,HARMLESS,other,IOCL Bongaigaon Refinery,33968.23648470797,5.53,333.19,0.0,"month=9, dist_fac=3.4e+04, frp=5.53"
26.20095,90.49501,2026-09-30,OTHER,100.0,NEW,HARMLESS,other,IOCL Bongaigaon Refinery,33968.23648470797,5.53,333.19,0.0,"month=9, dist_fac=3.4e+04, frp=5.53"
