latitude,longitude,bright_ti4,scan,track,acq_date,acq_time,satellite,confidence,version,bright_ti5,frp,daynight
26.06253,101.70734,334.37,0.54,0.42,2026-09-29,0608,N20,nominal,2.0NRT,299.48,4.55,D
25.44352,97.31567,338.05,0.34,0.56,2026-09-29,0608,N20,nominal,2.0NRT,292.59,2.13,D
25.4467,97.31372,336.79,0.34,0.56,2026-09-29,0608,N20,nominal,2.0NRT,292.72,3.28,D
26.5587,101.67855,328.09,0.53,0.42,2026-09-29,0608,N20,low,2.0NRT,303.04,10.19,D
26.56171,101.68099,332.14,0.53,0.42,2026-09-29,0608,N20,low,2.0NRT,305.85,8.63,D
26.57488,101.66699,339.4,0.53,0.42,2026-09-29,0608,N20,nominal,2.0NRT,305.6,10.4,D
25.55583,96.56409,326.82,0.37,0.58,2026-09-29,0608,N20,nominal,2.0NRT,291.64,2.18,D
26.23207,98.59399,354.1,0.54,0.51,2026-09-29,0608,N20,nominal,2.0NRT,298.53,18.11,D
26.23662,98.59281,347.28,0.54,0.51,2026-09-29,0608,N20,nominal,2.0NRT,293.46,18.11,D
25.8622,96.63002,336.08,0.36,0.58,2026-09-29,0608,N20,nominal,2.0NRT,293.7,3.47,D
25.86736,96.62861,367,0.36,0.58,2026-09-29,0608,N20,high,2.0NRT,295.34,7.92,D
25.86816,96.63206,336.81,0.36,0.58,2026-09-29,0608,N20,nominal,2.0NRT,293.15,7.92,D
25.86656,96.62511,340.38,0.36,0.58,2026-09-29,0608,N20,nominal,2.0NRT,294.12,8.03,D
26.36885,96.61267,326.73,0.36,0.57,2026-09-29,0608,N20,nominal,2.0NRT,293.37,1.54,D
27.70373,96.19749,328.33,0.35,0.57,2026-09-29,0608,N20,nominal,2.0NRT,293.63,1.77,D
27.76019,96.12885,350.89,0.35,0.57,2026-09-29,0608,N20,nominal,2.0NRT,293.49,11.28,D
27.75938,96.12536,352.02,0.35,0.57,2026-09-29,0608,N20,nominal,2.0NRT,296.43,11.28,D
27.78161,96.17458,326.84,0.35,0.57,2026-09-29,0608,N20,nominal,2.0NRT,293.7,2.09,D
6.33658,101.71584,332.89,0.4,0.6,2026-09-29,0601,N20,nominal,2.0NRT,291.11,2.67,D
38.703,100.50655,348.41,0.41,0.37,2026-09-29,0610,N20,nominal,2.0NRT,302.01,4.01,D
38.70636,100.50556,332,0.41,0.37,2026-09-29,0610,N20,nominal,2.0NRT,300.78,2.47,D
38.69006,100.41261,345.6,0.42,0.37,2026-09-29,0610,N20,nominal,2.0NRT,300.27,10.09,D
38.70758,100.43185,335.36,0.41,0.37,2026-09-29,0610,N20,nominal,2.0NRT,301.83,2.92,D
38.74961,100.55151,351.1,0.41,0.37,2026-09-29,0610,N20,nominal,2.0NRT,290.4,2.79,D
38.7488,100.54686,346.62,0.41,0.37,2026-09-29,0610,N20,nominal,2.0NRT,288.68,2.62,D
38.75296,100.55053,338.24,0.41,0.37,2026-09-29,0610,N20,nominal,2.0NRT,291.69,2.79,D
38.75216,100.54589,338.76,0.41,0.37,2026-09-29,0610,N20,nominal,2.0NRT,289.12,2.62,D
38.75054,100.5366,338.75,0.41,0.37,2026-09-29,0610,N20,nominal,2.0NRT,295.69,2.32,D
38.74974,100.53195,344.25,0.41,0.37,2026-09-29,0610,N20,nominal,2.0NRT,291.78,2.32,D
38.75316,100.54783,353.36,0.41,0.37,2026-09-29,0610,N20,nominal,2.0NRT,292.18,4.37,D
38.74988,100.52927,343.54,0.41,0.37,2026-09-29,0610,N20,nominal,2.0NRT,296.43,5.45,D
38.7507,100.53391,356.38,0.41,0.37,2026-09-29,0610,N20,low,2.0NRT,290.14,13.05,D
38.75323,100.5283,355.38,0.41,0.37,2026-09-29,0610,N20,nominal,2.0NRT,298.31,5.45,D
39.39952,99.89458,344.05,0.42,0.38,2026-09-29,0612,N20,nominal,2.0NRT,300.4,4.33,D
39.39867,99.88978,354.48,0.42,0.38,2026-09-29,0612,N20,nominal,2.0NRT,298.53,4.33,D
39.40206,99.88878,341.3,0.42,0.38,2026-09-29,0612,N20,nominal,2.0NRT,303.78,3.11,D
39.79048,97.88985,333.34,0.49,0.4,2026-09-29,0612,N20,nominal,2.0NRT,300.96,3.44,D
14.0782,100.65047,329.64,0.35,0.56,2026-09-29,0603,N20,nominal,2.0NRT,290.92,3.08,D
14.67189,100.80418,327.34,0.33,0.55,2026-09-29,0603,N20,nominal,2.0NRT,292.61,2.52,D
6.2087,80.85428,340.3,0.4,0.44,2026-09-29,0744,N20,nominal,2.0NRT,295.98,3.23,D
6.26998,80.81895,334.32,0.4,0.44,2026-09-29,0744,N20,nominal,2.0NRT,294.8,3.69,D
6.35103,81.13634,334.37,0.38,0.43,2026-09-29,0744,N20,nominal,2.0NRT,295.92,3.23,D
6.3382,80.85527,341.16,0.4,0.44,2026-09-29,0744,N20,nominal,2.0NRT,296.81,6.1,D
6.55959,81.00917,341.52,0.39,0.44,2026-09-29,0744,N20,nominal,2.0NRT,298.34,3.48,D
6.60585,81.21908,331.77,0.56,0.43,2026-09-29,0744,N20,nominal,2.0NRT,301.03,3.56,D
6.58515,81.01558,336.06,0.39,0.44,2026-09-29,0744,N20,nominal,2.0NRT,298.84,2.5,D
7.18669,81.74257,335.72,0.51,0.41,2026-09-29,0744,N20,low,2.0NRT,297.55,7.66,D
7.30504,81.75372,330.85,0.51,0.41,2026-09-29,0744,N20,low,2.0NRT,298.62,7.12,D
7.86593,79.90137,331.74,0.43,0.46,2026-09-29,0744,N20,nominal,2.0NRT,296.26,4.52,D
7.9283,80.06871,334.67,0.42,0.45,2026-09-29,0744,N20,nominal,2.0NRT,297.8,2.15,D
7.95251,80.06062,330.27,0.42,0.45,2026-09-29,0744,N20,nominal,2.0NRT,296.18,2.3,D
8.03135,80.062,342.18,0.42,0.45,2026-09-29,0744,N20,nominal,2.0NRT,283.12,14.1,D
8.05402,80.14719,338.82,0.42,0.45,2026-09-29,0744,N20,nominal,2.0NRT,282.29,4.16,D
21.09685,72.71104,334.39,0.37,0.58,2026-09-29,0748,N20,nominal,2.0NRT,293.64,2.92,D
8.24131,80.76941,331.66,0.57,0.43,2026-09-29,0744,N20,nominal,2.0NRT,297.38,4.16,D
23.55724,87.23998,343.69,0.39,0.44,2026-09-29,0748,N20,nominal,2.0NRT,295.35,4.7,D
8.23759,80.72263,330.94,0.57,0.43,2026-09-29,0744,N20,nominal,2.0NRT,295.16,4.53,D
8.10409,79.87289,341.61,0.43,0.46,2026-09-29,0744,N20,nominal,2.0NRT,292.53,4.77,D
23.67652,86.39893,331.26,0.52,0.42,2026-09-29,0748,N20,nominal,2.0NRT,298.23,7.82,D
8.27536,80.65558,336.13,0.38,0.43,2026-09-29,0744,N20,nominal,2.0NRT,296.61,3.65,D
23.68351,86.39266,329.93,0.52,0.42,2026-09-29,0748,N20,nominal,2.0NRT,296.95,4.97,D
8.30118,80.76441,337.23,0.57,0.43,2026-09-29,0744,N20,nominal,2.0NRT,297.04,3.57,D
23.68081,86.09723,334.3,0.51,0.41,2026-09-29,0748,N20,nominal,2.0NRT,294.23,6.22,D
8.28692,80.56387,347.17,0.39,0.44,2026-09-29,0744,N20,nominal,2.0NRT,298.32,5.08,D
23.68019,86.09227,334.37,0.51,0.41,2026-09-29,0748,N20,nominal,2.0NRT,296.16,6.22,D
8.30945,80.64914,341.81,0.38,0.43,2026-09-29,0744,N20,nominal,2.0NRT,298.26,4.59,D
23.67957,86.08732,331.11,0.51,0.41,2026-09-29,0748,N20,nominal,2.0NRT,296.56,6.06,D
23.1653,82.34086,339.74,0.38,0.36,2026-09-29,0748,N20,nominal,2.0NRT,304.31,6.23,D
8.23071,80.18237,339.41,0.41,0.45,2026-09-29,0744,N20,nominal,2.0NRT,297.6,4.71,D
23.16474,82.33713,330.58,0.38,0.36,2026-09-29,0748,N20,nominal,2.0NRT,301.8,3.41,D
8.36436,80.48608,336.18,0.39,0.44,2026-09-29,0744,N20,nominal,2.0NRT,296.98,3.89,D
23.68709,86.08624,333.06,0.51,0.41,2026-09-29,0748,N20,nominal,2.0NRT,294.6,3.89,D
8.37656,80.27831,332.03,0.4,0.44,2026-09-29,0744,N20,nominal,2.0NRT,300.69,3.62,D
23.77962,86.21001,345.24,0.51,0.41,2026-09-29,0748,N20,nominal,2.0NRT,296.18,5.76,D
8.42104,80.51949,350.14,0.39,0.44,2026-09-29,0744,N20,nominal,2.0NRT,302.89,14.22,D
23.77984,86.21276,334.11,0.51,0.41,2026-09-29,0748,N20,nominal,2.0NRT,296.45,3.68,D
8.42969,80.54678,339.65,0.39,0.44,2026-09-29,0744,N20,nominal,2.0NRT,300.92,5.25,D
22.49149,76.73888,341.46,0.39,0.44,2026-09-29,0748,N20,nominal,2.0NRT,304.13,2.83,D
22.59205,76.71364,331.02,0.39,0.44,2026-09-29,0748,N20,low,2.0NRT,305.65,1.32,D
8.46851,80.73171,330.2,0.57,0.43,2026-09-29,0744,N20,nominal,2.0NRT,299.61,2.94,D
22.5474,75.42942,341.94,0.47,0.48,2026-09-29,0748,N20,nominal,2.0NRT,309.16,3.14,D
8.44567,80.5691,336.64,0.39,0.44,2026-09-29,0744,N20,nominal,2.0NRT,299.71,4.09,D
22.79021,76.44679,332.19,0.4,0.44,2026-09-29,0748,N20,low,2.0NRT,306.95,1.93,D
8.5159,80.74982,331.15,0.56,0.43,2026-09-29,0744,N20,nominal,2.0NRT,301,5.64,D
22.75153,76.07218,340.14,0.42,0.46,2026-09-29,0748,N20,nominal,2.0NRT,308.58,3.76,D
22.72738,75.43676,338.3,0.46,0.47,2026-09-29,0748,N20,nominal,2.0NRT,308.15,3.46,D
8.49563,80.48837,343.75,0.39,0.44,2026-09-29,0744,N20,nominal,2.0NRT,300.98,6.6,D
22.81262,75.20267,338.75,0.48,0.48,2026-09-29,0748,N20,nominal,2.0NRT,309,3.51,D
8.48484,80.17716,354.94,0.41,0.45,2026-09-29,0744,N20,nominal,2.0NRT,299.51,11.37,D
23.08401,76.44513,334.4,0.4,0.44,2026-09-29,0748,N20,low,2.0NRT,308.51,2.03,D
8.49866,80.23495,331.47,0.4,0.45,2026-09-29,0744,N20,nominal,2.0NRT,298.48,1.39,D
23.04185,75.87617,333.34,0.43,0.46,2026-09-29,0748,N20,low,2.0NRT,307.88,0.91,D
8.49177,80.16844,332.33,0.41,0.45,2026-09-29,0744,N20,nominal,2.0NRT,297.66,2.13,D
23.09866,76.14652,333.83,0.41,0.45,2026-09-29,0748,N20,nominal,2.0NRT,308.59,2.53,D
27.74904,96.32979,327.23,0.79,0.78,2026-09-29,0748,N20,nominal,2.0NRT,289.68,8.44,D
8.57673,80.32469,331.29,0.4,0.44,2026-09-29,0744,N20,nominal,2.0NRT,301.04,5.03,D
27.74186,96.28973,333.83,0.78,0.78,2026-09-29,0748,N20,nominal,2.0NRT,290.07,8.48,D
8.64927,80.70632,331.59,0.56,0.43,2026-09-29,0744,N20,nominal,2.0NRT,296.18,3.4,D
27.75081,96.329,327.7,0.79,0.78,2026-09-29,0748,N20,nominal,2.0NRT,290.18,5.8,D
8.64532,80.51244,343.12,0.39,0.44,2026-09-29,0744,N20,nominal,2.0NRT,295.25,4.52,D
26.91529,81.05634,342.89,0.38,0.36,2026-09-29,0750,N20,nominal,2.0NRT,300.56,5.48,D
8.76177,80.20799,330.77,0.4,0.44,2026-09-29,0744,N20,nominal,2.0NRT,299.77,5.24,D
26.91471,81.05251,331.98,0.38,0.36,2026-09-29,0750,N20,nominal,2.0NRT,298.76,4.74,D
8.88203,80.45733,339.84,0.39,0.44,2026-09-29,0744,N20,nominal,2.0NRT,297.47,6.49,D
26.52156,77.69675,331.11,0.46,0.39,2026-09-29,0750,N20,nominal,2.0NRT,304.45,1.95,D
8.94287,80.06815,343.09,0.41,0.45,2026-09-29,0744,N20,nominal,2.0NRT,295.86,7.89,D
25.6578,72.24281,343.83,0.32,0.55,2026-09-29,0750,N20,nominal,2.0NRT,299.6,4.54,D
8.94226,80.06449,341.01,0.41,0.45,2026-09-29,0744,N20,nominal,2.0NRT,297.3,7.89,D
25.65714,72.23977,346.83,0.32,0.55,2026-09-29,0750,N20,nominal,2.0NRT,305.39,5.84,D
8.94268,80.06841,340.23,0.41,0.45,2026-09-29,0744,N20,nominal,2.0NRT,295.64,7.62,D
25.65833,72.24123,367,0.32,0.54,2026-09-29,0750,N20,high,2.0NRT,299.51,4.88,D
8.94205,80.06474,344.18,0.41,0.45,2026-09-29,0744,N20,nominal,2.0NRT,297.51,7.62,D
25.65765,72.23819,330.29,0.32,0.55,2026-09-29,0750,N20,nominal,2.0NRT,303.71,4.63,D
9.00094,80.06601,333,0.41,0.45,2026-09-29,0744,N20,nominal,2.0NRT,297.64,2.24,D
28.19149,77.61999,331.89,0.44,0.38,2026-09-29,0750,N20,nominal,2.0NRT,301.88,1.61,D
8.82293,78.12508,330.35,0.55,0.51,2026-09-29,0744,N20,nominal,2.0NRT,298.18,2.96,D
28.19499,77.61921,330.03,0.44,0.38,2026-09-29,0750,N20,low,2.0NRT,301.18,1.94,D
9.21624,80.25036,339.95,0.39,0.44,2026-09-29,0744,N20,nominal,2.0NRT,299.3,4.4,D
8.86704,78.15784,331.42,0.55,0.51,2026-09-29,0744,N20,nominal,2.0NRT,298.68,4.78,D
28.24633,76.66773,335.16,0.48,0.4,2026-09-29,0750,N20,nominal,2.0NRT,303.52,3.07,D
28.62781,76.15293,337.69,0.5,0.41,2026-09-29,0750,N20,nominal,2.0NRT,305.75,3.94,D
8.78926,77.69003,335.54,0.59,0.53,2026-09-29,0744,N20,low,2.0NRT,305.76,4.65,D
28.6315,76.15203,338.55,0.5,0.41,2026-09-29,0750,N20,nominal,2.0NRT,305.3,5.92,D
8.92647,77.48721,343.48,0.61,0.53,2026-09-29,0744,N20,nominal,2.0NRT,303.15,9.2,D
29.62198,77.99657,331.7,0.42,0.37,2026-09-29,0750,N20,nominal,2.0NRT,300.4,2.5,D
8.92473,77.4861,337.07,0.61,0.53,2026-09-29,0744,N20,nominal,2.0NRT,303.7,5.86,D
29.87124,77.74375,342.16,0.42,0.38,2026-09-29,0750,N20,nominal,2.0NRT,300.37,3.09,D
9.45077,80.37487,333.33,0.38,0.43,2026-09-29,0744,N20,nominal,2.0NRT,299.46,2.48,D
29.53447,74.48869,334.41,0.39,0.44,2026-09-29,0750,N20,nominal,2.0NRT,300.35,3.09,D
9.68816,80.2757,331.72,0.39,0.44,2026-09-29,0744,N20,nominal,2.0NRT,300.02,4.24,D
30.05832,73.25651,339.52,0.45,0.47,2026-09-29,0750,N20,nominal,2.0NRT,296.4,3.5,D
9.6946,78.82972,330.47,0.48,0.48,2026-09-29,0744,N20,nominal,2.0NRT,297.44,2.34,D
30.94599,76.82039,354.26,0.44,0.38,2026-09-29,0750,N20,nominal,2.0NRT,299.96,14.7,D
9.88835,78.82493,334.78,0.47,0.48,2026-09-29,0744,N20,nominal,2.0NRT,298.04,2.2,D
30.48381,73.68839,341,0.42,0.45,2026-09-29,0750,N20,nominal,2.0NRT,299.1,8.87,D
10.15889,78.61168,339.97,0.48,0.48,2026-09-29,0744,N20,nominal,2.0NRT,298.13,4.34,D
30.56248,73.98853,338.33,0.4,0.44,2026-09-29,0750,N20,nominal,2.0NRT,299.61,2.07,D
10.53391,79.64426,332.39,0.41,0.45,2026-09-29,0744,N20,low,2.0NRT,303,2.39,D
30.85542,73.95421,343.8,0.4,0.44,2026-09-29,0750,N20,nominal,2.0NRT,301.07,3.57,D
10.54987,79.61479,343.91,0.41,0.45,2026-09-29,0744,N20,nominal,2.0NRT,304.66,3.52,D
30.85627,73.95464,340.2,0.4,0.44,2026-09-29,0750,N20,nominal,2.0NRT,301.77,3.6,D
10.64989,79.66122,331.95,0.41,0.45,2026-09-29,0744,N20,nominal,2.0NRT,300.07,1.33,D
30.829,73.80161,352.45,0.41,0.45,2026-09-29,0750,N20,nominal,2.0NRT,303.86,15.1,D
10.67371,78.76625,339.29,0.46,0.47,2026-09-29,0744,N20,nominal,2.0NRT,300.64,3.92,D
31.10948,74.64301,331.2,0.54,0.42,2026-09-29,0750,N20,nominal,2.0NRT,304.59,2.34,D
10.80482,78.70608,335.86,0.47,0.47,2026-09-29,0744,N20,nominal,2.0NRT,296.27,2.31,D
31.20181,74.55953,332.09,0.55,0.43,2026-09-29,0750,N20,nominal,2.0NRT,300.46,2.89,D
10.72566,77.99836,335.75,0.52,0.5,2026-09-29,0744,N20,nominal,2.0NRT,299.1,5.65,D
31.40313,75.06059,336.14,0.51,0.41,2026-09-29,0750,N20,nominal,2.0NRT,305.01,3.93,D
10.93981,79.12971,343.7,0.44,0.46,2026-09-29,0744,N20,nominal,2.0NRT,304.55,4.39,D
31.4032,75.05873,336.19,0.51,0.41,2026-09-29,0750,N20,nominal,2.0NRT,303.69,3.54,D
10.91853,78.17508,332.18,0.5,0.49,2026-09-29,0744,N20,nominal,2.0NRT,295.58,3.41,D
31.64517,74.99128,334.51,0.51,0.41,2026-09-29,0750,N20,nominal,2.0NRT,305.36,3.28,D
11.25402,79.47878,333.7,0.41,0.45,2026-09-29,0744,N20,nominal,2.0NRT,297.27,2.14,D
31.63489,74.93806,345.55,0.52,0.41,2026-09-29,0750,N20,nominal,2.0NRT,305.97,6.29,D
11.75572,79.01936,330.21,0.43,0.46,2026-09-29,0744,N20,nominal,2.0NRT,300.13,2.72,D
31.67799,74.9994,335.77,0.51,0.41,2026-09-29,0750,N20,nominal,2.0NRT,307.32,3.23,D
11.65912,78.41797,342.05,0.47,0.48,2026-09-29,0744,N20,nominal,2.0NRT,298.47,4.32,D
31.52016,74.02271,341.41,0.38,0.44,2026-09-29,0750,N20,nominal,2.0NRT,301.82,4.54,D
11.66898,78.16704,333.44,0.49,0.48,2026-09-29,0746,N20,nominal,2.0NRT,296.83,2.13,D
31.11901,72.06223,330.65,0.5,0.49,2026-09-29,0750,N20,nominal,2.0NRT,297.6,2.63,D
11.70492,78.2152,336.75,0.48,0.48,2026-09-29,0746,N20,nominal,2.0NRT,297.26,4.41,D
31.76988,75.0891,331.94,0.51,0.41,2026-09-29,0750,N20,nominal,2.0NRT,302.67,3.3,D
14.00939,79.78369,333.68,0.53,0.42,2026-09-29,0746,N20,low,2.0NRT,305.71,4.96,D
31.77913,74.79035,330.55,0.52,0.42,2026-09-29,0750,N20,nominal,2.0NRT,304.07,2.58,D
14.07529,79.89146,336.2,0.53,0.42,2026-09-29,0746,N20,nominal,2.0NRT,301.67,4.64,D
31.87343,74.79098,331.19,0.52,0.42,2026-09-29,0750,N20,nominal,2.0NRT,301.17,2.84,D
14.14442,79.79692,335.76,0.53,0.42,2026-09-29,0746,N20,nominal,2.0NRT,302.68,3.06,D
31.78347,74.22315,337.95,0.56,0.43,2026-09-29,0750,N20,nominal,2.0NRT,300.67,11.4,D
14.25638,79.63275,330.01,0.54,0.42,2026-09-29,0746,N20,low,2.0NRT,301.83,4.61,D
31.78733,74.2221,342.88,0.56,0.43,2026-09-29,0750,N20,nominal,2.0NRT,304.36,11.4,D
15.11771,79.62009,351.06,0.53,0.42,2026-09-29,0746,N20,nominal,2.0NRT,312,13.24,D
31.78327,74.22134,340.27,0.56,0.43,2026-09-29,0750,N20,nominal,2.0NRT,302.45,7.81,D
14.93597,78.32538,336.25,0.42,0.45,2026-09-29,0746,N20,nominal,2.0NRT,300.02,4.63,D
31.78713,74.22029,338.04,0.56,0.43,2026-09-29,0750,N20,nominal,2.0NRT,302.91,8.85,D
15.04553,78.10429,336.4,0.43,0.46,2026-09-29,0746,N20,nominal,2.0NRT,301.35,5.58,D
31.95382,74.96368,332.6,0.51,0.41,2026-09-29,0750,N20,nominal,2.0NRT,301.69,3.32,D
15.04969,78.10345,337.14,0.43,0.46,2026-09-29,0746,N20,nominal,2.0NRT,298.41,3.17,D
31.73813,73.7951,332.85,0.39,0.44,2026-09-29,0750,N20,nominal,2.0NRT,301.27,2.32,D
15.22657,78.61636,332.44,0.4,0.44,2026-09-29,0746,N20,nominal,2.0NRT,297.55,2.61,D
31.80175,74.06958,333.33,0.57,0.43,2026-09-29,0750,N20,nominal,2.0NRT,302.46,5.51,D
15.25339,78.62666,332.44,0.4,0.44,2026-09-29,0746,N20,nominal,2.0NRT,300.03,5.57,D
31.9014,74.13927,339.82,0.56,0.43,2026-09-29,0750,N20,nominal,2.0NRT,304.06,7.85,D
15.25272,78.62293,338.99,0.4,0.44,2026-09-29,0746,N20,nominal,2.0NRT,302.09,5.57,D
31.91951,73.86031,347.78,0.39,0.44,2026-09-29,0750,N20,nominal,2.0NRT,304,7.3,D
15.4571,79.09087,330.02,0.56,0.43,2026-09-29,0746,N20,low,2.0NRT,302.99,3.24,D
31.92376,73.62509,332.51,0.4,0.44,2026-09-29,0750,N20,nominal,2.0NRT,300.02,3.05,D
15.62222,79.86205,337.51,0.5,0.41,2026-09-29,0746,N20,nominal,2.0NRT,304.09,5.26,D
31.98701,73.91632,330.61,0.57,0.43,2026-09-29,0750,N20,nominal,2.0NRT,298.03,6.49,D
16.35042,81.40434,335.29,0.42,0.38,2026-09-29,0746,N20,nominal,2.0NRT,301.77,3.08,D
31.98582,73.9104,330.43,0.57,0.43,2026-09-29,0750,N20,nominal,2.0NRT,301.47,6.49,D
16.35003,81.40497,339.82,0.42,0.38,2026-09-29,0746,N20,nominal,2.0NRT,302.4,3.38,D
32.17649,73.94369,335.19,0.57,0.43,2026-09-29,0750,N20,nominal,2.0NRT,301.8,6.7,D
16.29464,77.3526,331.48,0.46,0.47,2026-09-29,0746,N20,nominal,2.0NRT,298.43,1.07,D
32.1765,73.94708,330.97,0.57,0.43,2026-09-29,0750,N20,nominal,2.0NRT,300.23,4.41,D
16.29234,77.3502,331.34,0.46,0.47,2026-09-29,0746,N20,nominal,2.0NRT,297.58,0.91,D
32.18039,73.94601,335.64,0.57,0.43,2026-09-29,0750,N20,nominal,2.0NRT,302.83,5.34,D
16.57848,77.64194,330.31,0.44,0.46,2026-09-29,0746,N20,nominal,2.0NRT,297.88,2.95,D
32.21074,73.83167,332.1,0.57,0.43,2026-09-29,0750,N20,nominal,2.0NRT,301.01,7.13,D
16.70156,76.84869,330.88,0.49,0.48,2026-09-29,0746,N20,nominal,2.0NRT,298.19,3.46,D
32.2237,73.79349,332.5,0.38,0.43,2026-09-29,0750,N20,nominal,2.0NRT,302.4,2.94,D
17.59553,78.98637,332,0.53,0.42,2026-09-29,0746,N20,nominal,2.0NRT,298.95,1.77,D
33.80629,74.93597,325.65,0.48,0.4,2026-09-29,0752,N20,low,2.0NRT,300.53,2.3,D
17.65134,79.25768,344.76,0.51,0.41,2026-09-29,0746,N20,nominal,2.0NRT,300.92,11.03,D
33.80534,74.93096,330.67,0.48,0.4,2026-09-29,0752,N20,nominal,2.0NRT,300.27,2.47,D
17.78785,79.67275,332.41,0.48,0.4,2026-09-29,0746,N20,nominal,2.0NRT,298.14,3.56,D
36.68912,66.93639,330.6,0.36,0.57,2026-09-29,0752,N20,nominal,2.0NRT,302.24,1.59,D
18.61534,83.2235,332.49,0.38,0.36,2026-09-29,0746,N20,nominal,2.0NRT,301.18,2.49,D
38.05306,67.2662,336.58,0.64,0.54,2026-09-29,0752,N20,low,2.0NRT,309.91,6.12,D
19.35904,83.93087,330.42,0.39,0.36,2026-09-29,0746,N20,nominal,2.0NRT,298.57,1.38,D
19.09761,82.1674,338.71,0.39,0.36,2026-09-29,0746,N20,nominal,2.0NRT,307.94,4.6,D
37.29153,60.22239,334.54,0.77,0.77,2026-09-29,0752,N20,nominal,2.0NRT,292.69,4.27,D
18.78663,78.40167,333.4,0.54,0.42,2026-09-29,0746,N20,nominal,2.0NRT,303.41,3.18,D
18.86722,78.39889,331.9,0.54,0.42,2026-09-29,0746,N20,nominal,2.0NRT,301.05,4.02,D
20.53314,85.90697,331.99,0.46,0.39,2026-09-29,0746,N20,nominal,2.0NRT,292.45,2.9,D
20.76124,85.29874,336.93,0.44,0.38,2026-09-29,0748,N20,nominal,2.0NRT,306.07,6.64,D
20.79462,85.25541,335.5,0.43,0.38,2026-09-29,0748,N20,nominal,2.0NRT,302.9,10.24,D
20.80569,85.25799,332.41,0.43,0.38,2026-09-29,0748,N20,low,2.0NRT,303.86,5.38,D
20.86268,84.98952,338.43,0.43,0.38,2026-09-29,0748,N20,nominal,2.0NRT,299.83,7.21,D
20.88634,84.98168,332.33,0.42,0.38,2026-09-29,0748,N20,nominal,2.0NRT,302.2,4.5,D
20.96268,85.18859,346.68,0.43,0.38,2026-09-29,0748,N20,nominal,2.0NRT,307.12,5.82,D
20.96212,85.18442,332.24,0.43,0.38,2026-09-29,0748,N20,low,2.0NRT,302.91,5.82,D
20.96392,85.17146,335.19,0.43,0.38,2026-09-29,0748,N20,nominal,2.0NRT,303.19,7.07,D
20.96797,85.17506,347.45,0.43,0.38,2026-09-29,0748,N20,nominal,2.0NRT,304.35,9.06,D
20.97496,85.17401,331.06,0.43,0.38,2026-09-29,0748,N20,low,2.0NRT,302.44,2.55,D
20.98032,85.13517,330.22,0.43,0.38,2026-09-29,0748,N20,low,2.0NRT,301.25,3.28,D
21.07859,85.03606,344.01,0.43,0.38,2026-09-29,0748,N20,nominal,2.0NRT,305.93,8.17,D
21.04826,80.82903,332.27,0.4,0.37,2026-09-29,0748,N20,low,2.0NRT,305.36,5.18,D
21.67659,84.03939,333.93,0.4,0.37,2026-09-29,0748,N20,low,2.0NRT,305.84,5.98,D
21.74679,83.8428,338.19,0.4,0.37,2026-09-29,0748,N20,nominal,2.0NRT,301.5,4.06,D
22.37796,87.27955,343.75,0.57,0.43,2026-09-29,0748,N20,nominal,2.0NRT,302.5,11.43,D
21.92001,83.35057,343.04,0.39,0.36,2026-09-29,0748,N20,nominal,2.0NRT,308.13,5.5,D
21.92333,83.35001,333.6,0.39,0.36,2026-09-29,0748,N20,low,2.0NRT,304.71,3.86,D
22.01636,83.75478,335.09,0.4,0.37,2026-09-29,0748,N20,low,2.0NRT,306.01,5.18,D
22.03896,83.73139,339.58,0.4,0.37,2026-09-29,0748,N20,nominal,2.0NRT,306.72,4.25,D
22.04231,83.73085,335.34,0.4,0.37,2026-09-29,0748,N20,nominal,2.0NRT,303.85,4.25,D
21.98388,83.23184,330.01,0.39,0.36,2026-09-29,0748,N20,low,2.0NRT,303.83,1.93,D
23.28979,92.81496,327.92,0.43,0.62,2026-09-29,0748,N20,nominal,2.0NRT,284.43,3.02,D
22.32297,82.58841,342.38,0.39,0.36,2026-09-29,0748,N20,nominal,2.0NRT,298.56,6.03,D
22.31907,82.56245,332.26,0.38,0.36,2026-09-29,0748,N20,nominal,2.0NRT,302.04,3.19,D
22.35785,82.30492,337.85,0.38,0.36,2026-09-29,0748,N20,nominal,2.0NRT,307.36,5.26,D
22.35728,82.30122,335.66,0.38,0.36,2026-09-29,0748,N20,nominal,2.0NRT,305.37,5.26,D
20.55881,56.42023,343.46,0.39,0.36,2026-09-29,0928,N20,low,2.0NRT,317.72,0.7,D
21.31201,57.74427,348.31,0.39,0.36,2026-09-29,0928,N20,low,2.0NRT,319.78,3.59,D
21.83389,56.68052,349.42,0.38,0.36,2026-09-29,0928,N20,nominal,2.0NRT,319.11,2.47,D
22.27076,56.25541,344.96,0.39,0.36,2026-09-29,0930,N20,low,2.0NRT,319.82,0.82,D
22.27406,56.25482,346.93,0.39,0.36,2026-09-29,0930,N20,nominal,2.0NRT,319.86,4.39,D
24.46211,56.62462,341.68,0.38,0.36,2026-09-29,0930,N20,nominal,2.0NRT,311.06,3.69,D
24.45462,56.5525,337.38,0.38,0.36,2026-09-29,0930,N20,low,2.0NRT,311.87,4.9,D
24.49006,56.608,337.09,0.38,0.36,2026-09-29,0930,N20,low,2.0NRT,310.95,7.21,D
24.5038,56.6094,340.88,0.38,0.36,2026-09-29,0930,N20,low,2.0NRT,313.89,12.6,D
24.51021,54.01712,333.3,0.42,0.37,2026-09-29,0930,N20,nominal,2.0NRT,305.03,6.16,D
25.47848,60.38141,336.8,0.51,0.41,2026-09-29,0930,N20,nominal,2.0NRT,305.64,3.31,D
25.47784,60.37636,338.31,0.51,0.41,2026-09-29,0930,N20,nominal,2.0NRT,306.93,3.31,D
25.47826,60.3786,341.06,0.51,0.41,2026-09-29,0930,N20,nominal,2.0NRT,305.78,6.21,D
25.30749,56.37397,340.29,0.38,0.36,2026-09-29,0930,N20,nominal,2.0NRT,305.46,3.13,D
27.15834,56.10057,347.45,0.39,0.36,2026-09-29,0930,N20,nominal,2.0NRT,311.88,6.42,D
27.16881,56.05474,342.64,0.39,0.36,2026-09-29,0930,N20,low,2.0NRT,313.52,6.9,D
27.30089,56.30479,339.59,0.39,0.36,2026-09-29,0930,N20,low,2.0NRT,311.18,2.13,D
34.71397,59.97448,334.26,0.41,0.45,2026-09-29,0932,N20,low,2.0NRT,306.78,1.24,D
36.45104,60.88421,339.53,0.49,0.48,2026-09-29,0932,N20,nominal,2.0NRT,309.13,3.17,D
36.45416,60.88682,342.42,0.49,0.48,2026-09-29,0932,N20,nominal,2.0NRT,308.15,3.69,D
37.19346,60.69069,331.85,0.48,0.48,2026-09-29,0934,N20,nominal,2.0NRT,300.72,2.34,D
37.19258,60.69463,340.68,0.48,0.48,2026-09-29,0934,N20,nominal,2.0NRT,301.99,6.04,D
37.18697,59.84372,342.37,0.43,0.46,2026-09-29,0934,N20,nominal,2.0NRT,305.1,4.26,D
36.94621,54.88954,333.77,0.41,0.37,2026-09-29,0934,N20,nominal,2.0NRT,298.43,3.37,D
36.96741,54.86653,337.03,0.41,0.37,2026-09-29,0934,N20,nominal,2.0NRT,301.83,3.13,D
37.00892,54.91121,338.14,0.41,0.37,2026-09-29,0934,N20,nominal,2.0NRT,299.76,2.24,D
37.29204,57.06343,339.59,0.48,0.4,2026-09-29,0934,N20,nominal,2.0NRT,299.69,9.36,D
37.06023,54.66896,330.17,0.4,0.37,2026-09-29,0934,N20,nominal,2.0NRT,299.91,3.15,D
37.22758,55.40075,335.29,0.42,0.38,2026-09-29,0934,N20,nominal,2.0NRT,301.94,2.94,D
37.71692,59.20512,342.28,0.41,0.45,2026-09-29,0934,N20,nominal,2.0NRT,301.95,3.07,D
37.32144,55.39825,333.83,0.42,0.38,2026-09-29,0934,N20,nominal,2.0NRT,302.24,2.25,D
37.37073,55.3804,333.69,0.42,0.38,2026-09-29,0934,N20,nominal,2.0NRT,300.3,2.49,D
37.84186,59.00514,330.95,0.4,0.44,2026-09-29,0934,N20,low,2.0NRT,301.56,2.27,D
38.12834,58.41757,338.67,0.57,0.43,2026-09-29,0934,N20,nominal,2.0NRT,304.21,3.44,D
38.40235,57.71051,333.56,0.53,0.42,2026-09-29,0934,N20,nominal,2.0NRT,301.05,4.11,D
38.40409,57.70903,333.88,0.53,0.42,2026-09-29,0934,N20,nominal,2.0NRT,300.25,4.03,D
39.15646,56.32188,347.42,0.47,0.4,2026-09-29,0934,N20,nominal,2.0NRT,301.27,7.16,D
14.64803,101.04137,303.5,0.56,0.43,2026-09-29,1838,N20,nominal,2.0NRT,288.95,1.39,N
14.67323,100.80112,318.69,0.38,0.44,2026-09-29,1838,N20,nominal,2.0NRT,284.62,2.33,N
29.74716,98.7196,307.54,0.4,0.6,2026-09-29,1832,N20,nominal,2.0NRT,283.64,1.26,N
26.96523,100.35481,301.25,0.59,0.53,2026-09-29,1834,N20,nominal,2.0NRT,286.04,1.9,N
26.96578,100.35941,296.01,0.59,0.53,2026-09-29,1834,N20,nominal,2.0NRT,285.85,0.78,N
26.62319,101.59596,314.44,0.49,0.48,2026-09-29,1834,N20,nominal,2.0NRT,289.86,3.88,N
26.63186,101.47437,303.07,0.5,0.49,2026-09-29,1834,N20,nominal,2.0NRT,291.17,1.03,N
26.61378,101.59954,310,0.49,0.48,2026-09-29,1834,N20,nominal,2.0NRT,290.4,3.48,N
26.62066,101.45155,305.43,0.5,0.49,2026-09-29,1834,N20,nominal,2.0NRT,290.75,0.9,N
26.56999,101.67162,308.96,0.48,0.48,2026-09-29,1834,N20,nominal,2.0NRT,291.52,5.97,N
26.56506,101.67575,311.45,0.48,0.48,2026-09-29,1834,N20,nominal,2.0NRT,294.55,6.66,N
25.787,100.37001,296.87,0.57,0.52,2026-09-29,1834,N20,nominal,2.0NRT,285.06,1.16,N
16.87224,80.02306,308.84,0.39,0.36,2026-09-29,2017,N20,nominal,2.0NRT,296.51,0.47,N
16.81078,79.91611,308.68,0.39,0.36,2026-09-29,2017,N20,nominal,2.0NRT,297.6,0.96,N
16.36152,81.28519,310.78,0.39,0.36,2026-09-29,2017,N20,nominal,2.0NRT,296.35,0.25,N
16.54608,79.75668,308.14,0.39,0.36,2026-09-29,2017,N20,nominal,2.0NRT,296.09,0.82,N
15.91503,77.36149,305.96,0.47,0.4,2026-09-29,2017,N20,nominal,2.0NRT,293.16,1.79,N
15.68571,78.45859,306.72,0.42,0.38,2026-09-29,2017,N20,nominal,2.0NRT,294.85,1.08,N
15.18906,76.65923,302.6,0.5,0.41,2026-09-29,2017,N20,nominal,2.0NRT,284.59,1.98,N
15.18403,76.66793,316.69,0.5,0.41,2026-09-29,2017,N20,nominal,2.0NRT,283.73,1.98,N
15.18339,76.67255,306.1,0.5,0.41,2026-09-29,2017,N20,nominal,2.0NRT,284.85,3.37,N
15.1803,76.66738,310.25,0.5,0.41,2026-09-29,2017,N20,nominal,2.0NRT,285.97,1.98,N
15.17785,76.6576,307.27,0.5,0.41,2026-09-29,2017,N20,nominal,2.0NRT,286.47,2.88,N
15.17335,76.68999,303.99,0.5,0.41,2026-09-29,2017,N20,nominal,2.0NRT,280.27,0.96,N
12.99771,79.94214,309.95,0.38,0.36,2026-09-29,2019,N20,nominal,2.0NRT,293.32,3.66,N
11.26755,80.00402,309.74,0.39,0.36,2026-09-29,2019,N20,nominal,2.0NRT,293.5,0.65,N
11.31376,77.8726,306.06,0.41,0.37,2026-09-29,2019,N20,nominal,2.0NRT,287.75,0.91,N
9.82724,78.03334,329.37,0.4,0.37,2026-09-29,2019,N20,nominal,2.0NRT,291.56,4.5,N
8.85029,78.13593,314.21,0.39,0.36,2026-09-29,2019,N20,nominal,2.0NRT,291.91,2.65,N
38.92348,88.32349,295.91,0.39,0.36,2026-09-29,2012,N20,nominal,2.0NRT,284.7,0.91,N
39.90794,78.94544,296.78,0.49,0.48,2026-09-29,2012,N20,nominal,2.0NRT,285.09,1.52,N
36.99935,80.19151,298.51,0.39,0.44,2026-09-29,2012,N20,nominal,2.0NRT,285.96,0.96,N
30.94879,97.36015,297.06,0.49,0.65,2026-09-29,2014,N20,nominal,2.0NRT,283.35,0.91,N
34.59275,73.72616,301.84,0.42,0.61,2026-09-29,2014,N20,nominal,2.0NRT,284.23,1.49,N
33.84776,75.55185,326.18,0.32,0.55,2026-09-29,2014,N20,nominal,2.0NRT,278.58,2.15,N
33.8481,75.54721,309.86,0.32,0.55,2026-09-29,2014,N20,nominal,2.0NRT,275.63,2.15,N
33.68899,72.70959,302.87,0.47,0.64,2026-09-29,2014,N20,nominal,2.0NRT,291.55,0.84,N
33.29992,71.18241,312.92,0.57,0.69,2026-09-29,2014,N20,nominal,2.0NRT,289.71,1.82,N
32.48594,75.34841,301.21,0.32,0.55,2026-09-29,2014,N20,nominal,2.0NRT,290.87,0.38,N
32.28999,70.73421,300.98,0.6,0.7,2026-09-29,2014,N20,nominal,2.0NRT,290.96,1.08,N
29.37634,91.14913,301.81,0.46,0.47,2026-09-29,2014,N20,nominal,2.0NRT,281.9,1.36,N
29.08673,88.00874,298.73,0.48,0.4,2026-09-29,2014,N20,nominal,2.0NRT,275.59,1.64,N
27.38053,95.33327,306.05,0.45,0.63,2026-09-29,2014,N20,nominal,2.0NRT,283.52,1.38,N
27.37572,95.08583,305.89,0.43,0.62,2026-09-29,2014,N20,nominal,2.0NRT,288.77,0.45,N
29.7604,77.73344,302.86,0.43,0.46,2026-09-29,2014,N20,nominal,2.0NRT,292.65,0.63,N
28.66267,77.57812,304.26,0.43,0.46,2026-09-29,2014,N20,nominal,2.0NRT,294.22,0.54,N
26.52332,89.18643,307.29,0.4,0.44,2026-09-29,2014,N20,nominal,2.0NRT,294.87,0.81,N
28.34634,77.25459,306.72,0.44,0.46,2026-09-29,2014,N20,nominal,2.0NRT,294.33,0.62,N
25.54339,91.23318,299.08,0.56,0.51,2026-09-29,2014,N20,nominal,2.0NRT,285.61,0.5,N
26.75937,83.20023,308.39,0.38,0.36,2026-09-29,2014,N20,nominal,2.0NRT,296.61,1,N
28.05456,69.3644,317.4,0.67,0.73,2026-09-29,2017,N20,nominal,2.0NRT,291.41,2.14,N
26.64257,79.47652,312.05,0.48,0.4,2026-09-29,2017,N20,nominal,2.0NRT,293.88,1.14,N
24.93103,84.14782,306.16,0.39,0.36,2026-09-29,2017,N20,nominal,2.0NRT,294.15,1.37,N
24.92311,84.1542,304.38,0.39,0.36,2026-09-29,2017,N20,nominal,2.0NRT,292.25,1.36,N
24.11476,86.85973,309.88,0.5,0.41,2026-09-29,2017,N20,nominal,2.0NRT,292.49,1.18,N
24.45068,83.03996,306.17,0.38,0.36,2026-09-29,2017,N20,nominal,2.0NRT,295.16,0.63,N
23.69753,87.10393,304.28,0.52,0.41,2026-09-29,2017,N20,nominal,2.0NRT,289.43,1.14,N
23.69562,87.11395,305.82,0.52,0.41,2026-09-29,2017,N20,nominal,2.0NRT,290.01,2.47,N
23.69371,87.12397,308.12,0.52,0.41,2026-09-29,2017,N20,nominal,2.0NRT,290.64,1.39,N
23.69568,87.09309,308.17,0.52,0.41,2026-09-29,2017,N20,nominal,2.0NRT,289.69,1.44,N
23.69282,87.10811,304.87,0.52,0.41,2026-09-29,2017,N20,nominal,2.0NRT,290.25,2.11,N
23.68994,87.12316,308.89,0.52,0.41,2026-09-29,2017,N20,nominal,2.0NRT,291.1,1.28,N
23.69097,87.09726,309.24,0.52,0.41,2026-09-29,2017,N20,nominal,2.0NRT,290.3,1.44,N
23.68618,87.12234,308.11,0.52,0.41,2026-09-29,2017,N20,nominal,2.0NRT,290.69,1.28,N
23.69719,87.10702,303.95,0.52,0.41,2026-09-29,2017,N20,nominal,2.0NRT,289.69,1.55,N
23.69534,87.11707,306.79,0.52,0.41,2026-09-29,2017,N20,nominal,2.0NRT,290.43,1.45,N
23.69441,87.12209,312.87,0.52,0.41,2026-09-29,2017,N20,nominal,2.0NRT,291.42,1.45,N
23.69528,87.09615,306.93,0.52,0.41,2026-09-29,2017,N20,nominal,2.0NRT,290.46,1.4,N
23.6925,87.1112,307.79,0.52,0.41,2026-09-29,2017,N20,nominal,2.0NRT,290.6,1.97,N
23.69065,87.12127,312.17,0.52,0.41,2026-09-29,2017,N20,nominal,2.0NRT,291.21,1.46,N
23.6906,87.10032,310.51,0.52,0.41,2026-09-29,2017,N20,nominal,2.0NRT,290.25,1.4,N
23.68688,87.12045,307.43,0.52,0.41,2026-09-29,2017,N20,nominal,2.0NRT,290.05,1.46,N
23.66813,87.15817,306.58,0.52,0.42,2026-09-29,2017,N20,nominal,2.0NRT,289.85,1.66,N
23.66529,87.15232,315.85,0.52,0.42,2026-09-29,2017,N20,nominal,2.0NRT,290.95,1.66,N
23.66436,87.15735,317.78,0.52,0.42,2026-09-29,2017,N20,nominal,2.0NRT,290.96,1.66,N
23.80499,86.32895,329.63,0.47,0.4,2026-09-29,2017,N20,nominal,2.0NRT,293.46,2.78,N
23.80416,86.33353,304.3,0.47,0.4,2026-09-29,2017,N20,nominal,2.0NRT,290.57,1.38,N
23.79721,86.35116,322.01,0.47,0.4,2026-09-29,2017,N20,nominal,2.0NRT,291.38,2.87,N
23.80221,86.32362,309.34,0.47,0.4,2026-09-29,2017,N20,nominal,2.0NRT,291.1,2.78,N
23.80025,86.31375,305,0.47,0.4,2026-09-29,2017,N20,nominal,2.0NRT,290.44,1.08,N
23.78245,86.39097,308.52,0.48,0.4,2026-09-29,2017,N20,nominal,2.0NRT,291.57,1.25,N
23.79803,86.28477,304.72,0.47,0.4,2026-09-29,2017,N20,nominal,2.0NRT,291.1,0.98,N
23.78218,86.37181,313.63,0.48,0.4,2026-09-29,2017,N20,nominal,2.0NRT,290.91,1.55,N
23.77883,86.39019,315.43,0.48,0.4,2026-09-29,2017,N20,nominal,2.0NRT,292.38,3.06,N
23.77914,86.34732,305.73,0.47,0.4,2026-09-29,2017,N20,nominal,2.0NRT,290.03,0.94,N
23.77662,86.36108,314.86,0.48,0.4,2026-09-29,2017,N20,nominal,2.0NRT,290.79,1.94,N
23.77578,86.36567,311.53,0.48,0.4,2026-09-29,2017,N20,nominal,2.0NRT,291.31,2.08,N
23.76904,86.40255,318.43,0.48,0.4,2026-09-29,2017,N20,nominal,2.0NRT,291.97,2.3,N
23.67051,86.93585,316.11,0.51,0.41,2026-09-29,2017,N20,nominal,2.0NRT,291.3,1.83,N
23.76542,86.40176,326.16,0.48,0.4,2026-09-29,2017,N20,nominal,2.0NRT,292.35,2.3,N
23.79634,86.23238,305.97,0.47,0.4,2026-09-29,2017,N20,nominal,2.0NRT,291.9,0.8,N
23.76711,86.39254,308.94,0.48,0.4,2026-09-29,2017,N20,nominal,2.0NRT,293.12,3.07,N
23.76458,86.40635,312.63,0.48,0.4,2026-09-29,2017,N20,nominal,2.0NRT,292.49,2.3,N
23.7618,86.40099,324.87,0.48,0.4,2026-09-29,2017,N20,nominal,2.0NRT,292.3,3.01,N
23.75733,86.40482,317.85,0.48,0.4,2026-09-29,2017,N20,nominal,2.0NRT,291.47,3.01,N
23.75115,86.41791,306.21,0.48,0.4,2026-09-29,2017,N20,nominal,2.0NRT,291.8,1.63,N
23.61157,87.14571,307.1,0.52,0.42,2026-09-29,2017,N20,nominal,2.0NRT,291.56,1.33,N
23.7817,86.21037,334.79,0.47,0.4,2026-09-29,2017,N20,nominal,2.0NRT,294.86,3.73,N
23.73685,86.43414,329.84,0.48,0.4,2026-09-29,2017,N20,nominal,2.0NRT,294.05,4.9,N
23.7781,86.20963,316.55,0.47,0.4,2026-09-29,2017,N20,nominal,2.0NRT,294.4,3.73,N
23.7377,86.42951,310.09,0.48,0.4,2026-09-29,2017,N20,nominal,2.0NRT,291.27,2.04,N
23.7734,86.19457,320.73,0.47,0.4,2026-09-29,2017,N20,nominal,2.0NRT,293.35,1.86,N
23.92667,85.34377,302.74,0.43,0.38,2026-09-29,2017,N20,nominal,2.0NRT,291.24,0.78,N
23.77257,86.1991,308.11,0.47,0.4,2026-09-29,2017,N20,nominal,2.0NRT,293,1.86,N
23.77809,86.14866,304.63,0.47,0.39,2026-09-29,2017,N20,nominal,2.0NRT,291.63,0.56,N
23.72509,86.43647,304.65,0.48,0.4,2026-09-29,2017,N20,nominal,2.0NRT,290.2,0.91,N
23.72403,86.42181,306.7,0.48,0.4,2026-09-29,2017,N20,nominal,2.0NRT,292.23,1.35,N
23.71525,86.44881,312.84,0.48,0.4,2026-09-29,2017,N20,nominal,2.0NRT,291.19,1.89,N
23.71591,86.4249,307.25,0.48,0.4,2026-09-29,2017,N20,nominal,2.0NRT,292.14,2.26,N
23.71161,86.44805,312.91,0.48,0.4,2026-09-29,2017,N20,nominal,2.0NRT,291.7,1.89,N
23.55822,87.23955,331,0.53,0.42,2026-09-29,2017,N20,nominal,2.0NRT,292.71,4.81,N
23.71633,86.42215,306.81,0.48,0.4,2026-09-29,2017,N20,nominal,2.0NRT,291.6,1.51,N
23.71549,86.4268,306.73,0.48,0.4,2026-09-29,2017,N20,nominal,2.0NRT,291.88,1.51,N
23.71131,86.44999,306.88,0.48,0.4,2026-09-29,2017,N20,nominal,2.0NRT,291.3,1.65,N
23.55967,87.23746,324.54,0.53,0.42,2026-09-29,2017,N20,nominal,2.0NRT,292.58,1.77,N
23.55873,87.24257,305.02,0.53,0.42,2026-09-29,2017,N20,nominal,2.0NRT,291.97,1.77,N
23.55494,87.24171,307.1,0.53,0.42,2026-09-29,2017,N20,nominal,2.0NRT,292.72,1.77,N
23.68785,86.39201,309.61,0.48,0.4,2026-09-29,2017,N20,nominal,2.0NRT,290.38,1.83,N
23.56048,87.0849,310.6,0.52,0.41,2026-09-29,2017,N20,nominal,2.0NRT,291.95,2.56,N
23.68422,86.39127,315.63,0.48,0.4,2026-09-29,2017,N20,nominal,2.0NRT,290.72,2.72,N
23.68339,86.39584,314.79,0.48,0.4,2026-09-29,2017,N20,nominal,2.0NRT,291.53,1.77,N
23.67976,86.39509,319.4,0.48,0.4,2026-09-29,2017,N20,nominal,2.0NRT,291.2,1.77,N
23.67892,86.39972,314.37,0.48,0.4,2026-09-29,2017,N20,nominal,2.0NRT,291.61,1.77,N
23.67612,86.39435,307.18,0.48,0.4,2026-09-29,2017,N20,nominal,2.0NRT,290.66,1.44,N
23.67528,86.39898,309.59,0.48,0.4,2026-09-29,2017,N20,nominal,2.0NRT,291.14,1.44,N
23.83797,85.47068,305.39,0.44,0.38,2026-09-29,2017,N20,nominal,2.0NRT,293.82,1.43,N
23.82579,85.49883,308.7,0.44,0.38,2026-09-29,2017,N20,nominal,2.0NRT,294.97,1.44,N
23.82306,85.49387,307.08,0.44,0.38,2026-09-29,2017,N20,nominal,2.0NRT,294.97,1.14,N
23.75861,85.85578,313.17,0.45,0.39,2026-09-29,2017,N20,nominal,2.0NRT,295.87,1.57,N
23.75586,85.85067,313.77,0.45,0.39,2026-09-29,2017,N20,nominal,2.0NRT,295.34,1.57,N
23.75507,85.85503,309.88,0.45,0.39,2026-09-29,2017,N20,nominal,2.0NRT,296.29,1.57,N
23.80434,85.53834,304.4,0.44,0.38,2026-09-29,2017,N20,nominal,2.0NRT,293.05,0.78,N
23.7009,86.0733,308.57,0.46,0.39,2026-09-29,2017,N20,nominal,2.0NRT,292.56,0.82,N
23.58069,86.72651,305.42,0.5,0.41,2026-09-29,2017,N20,nominal,2.0NRT,290.37,0.71,N
23.78734,85.55253,312.67,0.44,0.38,2026-09-29,2017,N20,nominal,2.0NRT,293.69,1.67,N
23.78004,85.57315,306,0.44,0.38,2026-09-29,2017,N20,nominal,2.0NRT,295.22,1.6,N
23.68254,86.0926,338.52,0.46,0.39,2026-09-29,2017,N20,nominal,2.0NRT,294.5,6.28,N
23.6765,86.10529,323.7,0.46,0.39,2026-09-29,2017,N20,nominal,2.0NRT,293.76,2.65,N
23.6806,86.08288,308.81,0.46,0.39,2026-09-29,2017,N20,nominal,2.0NRT,294.44,1.97,N
23.67621,86.08658,323.42,0.46,0.39,2026-09-29,2017,N20,nominal,2.0NRT,294.74,1.97,N
23.66825,86.08952,309.41,0.46,0.39,2026-09-29,2017,N20,nominal,2.0NRT,293.01,1.66,N
24.20703,82.70944,306.71,0.38,0.36,2026-09-29,2017,N20,nominal,2.0NRT,295.12,1.25,N
24.20374,82.70883,313.97,0.38,0.36,2026-09-29,2017,N20,nominal,2.0NRT,294.65,1.25,N
24.19927,82.7157,321.41,0.38,0.36,2026-09-29,2017,N20,nominal,2.0NRT,295.08,2.07,N
24.20568,82.52395,305.07,0.38,0.36,2026-09-29,2017,N20,nominal,2.0NRT,294.24,0.77,N
24.1845,82.65891,311.74,0.38,0.36,2026-09-29,2017,N20,nominal,2.0NRT,293.85,1.13,N
24.18357,82.6433,304.23,0.38,0.36,2026-09-29,2017,N20,nominal,2.0NRT,293.68,0.98,N
24.16231,82.62782,307.65,0.38,0.36,2026-09-29,2017,N20,nominal,2.0NRT,293.8,0.97,N
23.6964,85.36885,318.79,0.43,0.38,2026-09-29,2017,N20,nominal,2.0NRT,294.07,2.13,N
23.66395,85.5507,304.35,0.44,0.38,2026-09-29,2017,N20,nominal,2.0NRT,293,0.42,N
24.14771,82.65589,319.54,0.38,0.36,2026-09-29,2017,N20,nominal,2.0NRT,294.84,1.72,N
24.14004,82.70461,306.57,0.38,0.36,2026-09-29,2017,N20,nominal,2.0NRT,293.98,0.61,N
24.15327,82.59912,306.68,0.38,0.36,2026-09-29,2017,N20,nominal,2.0NRT,293.08,0.65,N
23.69667,85.28658,322.27,0.43,0.38,2026-09-29,2017,N20,nominal,2.0NRT,294.45,1.95,N
23.69593,85.29074,308.84,0.43,0.38,2026-09-29,2017,N20,nominal,2.0NRT,293.5,1.72,N
23.65762,85.50523,304.06,0.44,0.38,2026-09-29,2017,N20,nominal,2.0NRT,293.15,0.66,N
23.69803,85.28864,306.28,0.43,0.38,2026-09-29,2017,N20,nominal,2.0NRT,293.77,1.48,N
23.69731,85.29282,307.36,0.43,0.38,2026-09-29,2017,N20,nominal,2.0NRT,293.74,1.04,N
23.69457,85.28793,318.39,0.43,0.38,2026-09-29,2017,N20,nominal,2.0NRT,293.35,1.48,N
23.65644,85.50695,310.04,0.44,0.38,2026-09-29,2017,N20,nominal,2.0NRT,294.07,1.26,N
23.73961,85.00642,305.63,0.42,0.38,2026-09-29,2017,N20,nominal,2.0NRT,292.78,1.11,N
23.73891,85.01051,309.35,0.42,0.38,2026-09-29,2017,N20,nominal,2.0NRT,293.18,1.73,N
23.67766,85.32336,307.16,0.43,0.38,2026-09-29,2017,N20,nominal,2.0NRT,293.44,1.28,N
23.65088,85.43552,310.97,0.44,0.38,2026-09-29,2017,N20,nominal,2.0NRT,293.89,1.16,N
23.72179,85.00703,311.51,0.42,0.38,2026-09-29,2017,N20,nominal,2.0NRT,292.09,1.11,N
23.6474,85.43481,306.03,0.44,0.38,2026-09-29,2017,N20,nominal,2.0NRT,292.93,1.16,N
23.64666,85.43906,317.84,0.44,0.38,2026-09-29,2017,N20,nominal,2.0NRT,294.46,2.11,N
25.39288,68.57499,300.88,0.71,0.75,2026-09-29,2017,N20,nominal,2.0NRT,289.89,0.56,N
24.76345,74.60608,304.93,0.58,0.52,2026-09-29,2017,N20,nominal,2.0NRT,292.73,1.43,N
24.66385,74.63279,303.9,0.58,0.52,2026-09-29,2017,N20,nominal,2.0NRT,293.02,3.08,N
22.96408,85.99797,306.27,0.47,0.4,2026-09-29,2017,N20,nominal,2.0NRT,291.89,0.89,N
22.87327,86.06057,311.33,0.47,0.4,2026-09-29,2017,N20,nominal,2.0NRT,289.86,1.75,N
22.79778,86.20657,321.54,0.48,0.4,2026-09-29,2017,N20,nominal,2.0NRT,292.06,2.87,N
22.81245,86.08555,305.83,0.48,0.4,2026-09-29,2017,N20,nominal,2.0NRT,290.73,1.39,N
22.79221,86.19576,308.2,0.48,0.4,2026-09-29,2017,N20,nominal,2.0NRT,292.1,3.2,N
22.81719,86.03919,324.32,0.47,0.4,2026-09-29,2017,N20,nominal,2.0NRT,292.62,1.83,N
22.80076,86.08785,318.06,0.48,0.4,2026-09-29,2017,N20,nominal,2.0NRT,291.05,1.88,N
22.38869,87.28596,304.84,0.56,0.43,2026-09-29,2017,N20,nominal,2.0NRT,287.78,1.42,N
22.37807,87.27811,328.11,0.55,0.43,2026-09-29,2017,N20,nominal,2.0NRT,289.48,5.04,N
22.37013,87.29848,313.67,0.56,0.43,2026-09-29,2017,N20,nominal,2.0NRT,287.39,2.05,N
22.36625,87.29763,307.34,0.56,0.43,2026-09-29,2017,N20,nominal,2.0NRT,287.42,2.32,N
22.36523,87.30296,307.71,0.56,0.43,2026-09-29,2017,N20,nominal,2.0NRT,287.76,2.1,N
22.35951,87.29063,306.82,0.56,0.43,2026-09-29,2017,N20,nominal,2.0NRT,285.99,2.2,N
22.60991,85.91509,306.16,0.47,0.4,2026-09-29,2017,N20,nominal,2.0NRT,292.35,0.93,N
22.58867,85.90345,306.64,0.47,0.4,2026-09-29,2017,N20,nominal,2.0NRT,292.17,1.5,N
22.5759,85.8914,309.4,0.47,0.4,2026-09-29,2017,N20,nominal,2.0NRT,292.58,1.4,N
22.57509,85.8959,313.2,0.47,0.4,2026-09-29,2017,N20,nominal,2.0NRT,293.23,1.4,N
22.36596,87.01807,311.12,0.54,0.42,2026-09-29,2017,N20,nominal,2.0NRT,289.7,1.53,N
23.16644,82.34126,336.4,0.38,0.36,2026-09-29,2017,N20,nominal,2.0NRT,296.23,2.22,N
23.16702,82.33753,307.81,0.38,0.36,2026-09-29,2017,N20,nominal,2.0NRT,294.08,2.22,N
23.16373,82.33694,314.34,0.38,0.36,2026-09-29,2017,N20,nominal,2.0NRT,293.88,1.2,N
22.05494,88.12339,313.81,0.42,0.45,2026-09-29,2017,N20,nominal,2.0NRT,289.81,3.01,N
22.31529,84.76833,306.08,0.43,0.38,2026-09-29,2017,N20,nominal,2.0NRT,295.11,0.95,N
22.13458,85.38331,304.21,0.45,0.39,2026-09-29,2017,N20,nominal,2.0NRT,290.61,0.92,N
22.21376,84.86777,309.14,0.43,0.38,2026-09-29,2017,N20,nominal,2.0NRT,294.54,1.58,N
22.21458,84.84239,323.87,0.43,0.38,2026-09-29,2017,N20,nominal,2.0NRT,295.24,2.51,N
22.21101,84.86295,313.68,0.43,0.38,2026-09-29,2017,N20,nominal,2.0NRT,295.91,1.58,N
22.20756,84.86225,329.52,0.43,0.38,2026-09-29,2017,N20,nominal,2.0NRT,295.48,3.19,N
22.20827,84.85813,311.88,0.43,0.38,2026-09-29,2017,N20,nominal,2.0NRT,294.49,2.54,N
22.2233,84.75085,306.8,0.43,0.38,2026-09-29,2017,N20,nominal,2.0NRT,295.61,1.28,N
22.22188,84.75901,310.65,0.43,0.38,2026-09-29,2017,N20,nominal,2.0NRT,296,1.65,N
22.21915,84.75423,313.64,0.43,0.38,2026-09-29,2017,N20,nominal,2.0NRT,296.18,2.01,N
22.20828,84.55077,311.83,0.42,0.38,2026-09-29,2017,N20,nominal,2.0NRT,295.18,1.16,N
22.20338,84.57899,305.75,0.42,0.38,2026-09-29,2017,N20,nominal,2.0NRT,294.61,0.72,N
21.93019,85.22045,301.06,0.45,0.39,2026-09-29,2017,N20,nominal,2.0NRT,290.08,1.21,N
21.92592,85.22404,312.15,0.45,0.39,2026-09-29,2017,N20,nominal,2.0NRT,292.09,2.12,N
22.33227,82.60326,309.88,0.38,0.36,2026-09-29,2017,N20,nominal,2.0NRT,294.4,1.45,N
22.33168,82.60696,312.53,0.38,0.36,2026-09-29,2017,N20,nominal,2.0NRT,295.47,1.28,N
22.32569,82.60204,306.64,0.38,0.36,2026-09-29,2017,N20,nominal,2.0NRT,295.24,0.98,N
22.32088,82.58972,321.94,0.38,0.36,2026-09-29,2017,N20,nominal,2.0NRT,295.36,1.69,N
22.32173,82.56322,315.51,0.38,0.36,2026-09-29,2017,N20,nominal,2.0NRT,296.29,1.53,N
22.36018,82.30006,331.79,0.38,0.36,2026-09-29,2017,N20,nominal,2.0NRT,296.07,2.13,N
22.35959,82.30376,313.92,0.38,0.36,2026-09-29,2017,N20,nominal,2.0NRT,297.01,2.13,N
22.31903,82.55891,316.08,0.38,0.36,2026-09-29,2017,N20,nominal,2.0NRT,295.14,1.63,N
22.31844,82.56261,315.24,0.38,0.36,2026-09-29,2017,N20,nominal,2.0NRT,297.13,1.63,N
22.3563,82.30316,314.94,0.38,0.36,2026-09-29,2017,N20,nominal,2.0NRT,296.62,2.13,N
22.316,82.5355,305.87,0.38,0.36,2026-09-29,2017,N20,nominal,2.0NRT,294.89,0.64,N
22.3133,82.53119,309.48,0.38,0.36,2026-09-29,2017,N20,nominal,2.0NRT,294.61,1.97,N
22.0669,83.70503,318.57,0.4,0.37,2026-09-29,2017,N20,nominal,2.0NRT,294.72,1.67,N
22.04235,83.72796,318.29,0.4,0.37,2026-09-29,2017,N20,nominal,2.0NRT,295.15,1.31,N
22.04171,83.73179,308.43,0.4,0.37,2026-09-29,2017,N20,nominal,2.0NRT,295.32,1.31,N
22.04107,83.73562,307.06,0.4,0.37,2026-09-29,2017,N20,nominal,2.0NRT,295.11,1.83,N
22.03901,83.72731,305.88,0.4,0.37,2026-09-29,2017,N20,nominal,2.0NRT,294.72,1.02,N
22.03836,83.73114,312.05,0.4,0.37,2026-09-29,2017,N20,nominal,2.0NRT,296.37,1.02,N
22.01776,83.75089,307.65,0.4,0.37,2026-09-29,2017,N20,nominal,2.0NRT,295.7,1.36,N
22.01711,83.75475,311.8,0.4,0.37,2026-09-29,2017,N20,nominal,2.0NRT,295.79,1.35,N
22.01377,83.7541,306.64,0.4,0.37,2026-09-29,2017,N20,nominal,2.0NRT,294.32,0.96,N
22.0404,83.35191,310.09,0.39,0.36,2026-09-29,2017,N20,nominal,2.0NRT,294.88,1.16,N
22.03708,83.35129,314.89,0.39,0.36,2026-09-29,2017,N20,nominal,2.0NRT,295.77,1.16,N
22.03313,83.35442,305.49,0.39,0.36,2026-09-29,2017,N20,nominal,2.0NRT,294.6,0.78,N
22.03127,83.36575,309.77,0.39,0.36,2026-09-29,2017,N20,nominal,2.0NRT,295.39,1.56,N
21.96374,83.77262,308.37,0.4,0.37,2026-09-29,2017,N20,nominal,2.0NRT,295.26,1.1,N
21.9546,83.80659,306.55,0.4,0.37,2026-09-29,2017,N20,nominal,2.0NRT,295.17,0.94,N
22.01839,83.33999,310.28,0.39,0.36,2026-09-29,2017,N20,nominal,2.0NRT,295.04,0.91,N
21.98475,83.23293,324.52,0.39,0.36,2026-09-29,2017,N20,nominal,2.0NRT,296.85,2.6,N
21.85794,83.96764,306.16,0.41,0.37,2026-09-29,2017,N20,nominal,2.0NRT,294.7,1.35,N
21.84065,83.9812,307.27,0.41,0.37,2026-09-29,2017,N20,nominal,2.0NRT,294.72,0.73,N
21.82389,83.99803,308.35,0.41,0.37,2026-09-29,2017,N20,nominal,2.0NRT,294.44,1.52,N
21.92494,83.35011,314.83,0.39,0.36,2026-09-29,2017,N20,nominal,2.0NRT,295.83,2.71,N
21.92162,83.34948,334.48,0.39,0.36,2026-09-29,2017,N20,nominal,2.0NRT,298.51,2.71,N
21.921,83.35325,329.99,0.39,0.36,2026-09-29,2017,N20,nominal,2.0NRT,297.32,3.74,N
21.88844,83.55,312,0.4,0.37,2026-09-29,2017,N20,nominal,2.0NRT,293.46,1.01,N
21.91768,83.35262,309.18,0.39,0.36,2026-09-29,2017,N20,nominal,2.0NRT,294.82,0.98,N
21.87716,83.55572,311.83,0.4,0.37,2026-09-29,2017,N20,nominal,2.0NRT,293.94,0.92,N
21.87663,83.49687,311.02,0.4,0.37,2026-09-29,2017,N20,nominal,2.0NRT,294.75,1.68,N
22.00516,82.66969,322.3,0.39,0.36,2026-09-29,2017,N20,nominal,2.0NRT,297.05,2.31,N
21.79843,83.88091,310.57,0.4,0.37,2026-09-29,2017,N20,nominal,2.0NRT,294.46,2.11,N
21.76798,84.01938,321.02,0.41,0.37,2026-09-29,2017,N20,nominal,2.0NRT,296.53,2.73,N
21.7646,84.01872,318.63,0.41,0.37,2026-09-29,2017,N20,nominal,2.0NRT,296.7,3.67,N
21.75166,83.97194,313.24,0.41,0.37,2026-09-29,2017,N20,nominal,2.0NRT,294.37,1.69,N
21.75099,83.97585,315.36,0.41,0.37,2026-09-29,2017,N20,nominal,2.0NRT,294.97,2.17,N
21.76266,83.84608,318.1,0.4,0.37,2026-09-29,2017,N20,nominal,2.0NRT,295.33,2.14,N
21.762,83.84995,318.37,0.4,0.37,2026-09-29,2017,N20,nominal,2.0NRT,295.92,2.81,N
21.76097,83.84686,313.64,0.4,0.37,2026-09-29,2017,N20,nominal,2.0NRT,294.52,1.86,N
21.76032,83.85073,313.74,0.4,0.37,2026-09-29,2017,N20,nominal,2.0NRT,295.09,1.66,N
21.75825,83.84234,313.66,0.4,0.37,2026-09-29,2017,N20,nominal,2.0NRT,295.55,1.86,N
21.75489,83.84169,330.12,0.4,0.37,2026-09-29,2017,N20,nominal,2.0NRT,297.2,4.22,N
21.75877,83.8185,306.5,0.4,0.37,2026-09-29,2017,N20,nominal,2.0NRT,294.62,0.73,N
21.74817,83.84037,329.69,0.4,0.37,2026-09-29,2017,N20,nominal,2.0NRT,295.34,2,N
21.74752,83.84425,312.38,0.4,0.37,2026-09-29,2017,N20,nominal,2.0NRT,296.15,2,N
21.74416,83.84359,310.5,0.4,0.37,2026-09-29,2017,N20,nominal,2.0NRT,295.87,2,N
21.7408,83.84293,308.88,0.4,0.37,2026-09-29,2017,N20,nominal,2.0NRT,295.58,1.84,N
21.68313,84.04047,308.24,0.41,0.37,2026-09-29,2017,N20,nominal,2.0NRT,295.43,1.69,N
21.67975,84.03979,317.73,0.41,0.37,2026-09-29,2017,N20,nominal,2.0NRT,296.7,3.21,N
21.9869,82.01379,308.7,0.38,0.36,2026-09-29,2017,N20,nominal,2.0NRT,295.06,0.75,N
21.80271,82.03811,309.22,0.38,0.36,2026-09-29,2017,N20,nominal,2.0NRT,295.27,0.73,N
21.73082,82.21453,313.19,0.38,0.36,2026-09-29,2017,N20,nominal,2.0NRT,297.14,0.9,N
20.97252,86.00261,312.21,0.5,0.41,2026-09-29,2017,N20,nominal,2.0NRT,293.63,2.79,N
20.96708,86.0113,331.06,0.5,0.41,2026-09-29,2017,N20,nominal,2.0NRT,293.61,6.22,N
20.96426,86.00578,323.71,0.5,0.41,2026-09-29,2017,N20,nominal,2.0NRT,292.96,2.76,N
20.96513,86.00105,313.01,0.5,0.41,2026-09-29,2017,N20,nominal,2.0NRT,292.16,2.76,N
20.95355,86.04295,318.17,0.5,0.41,2026-09-29,2017,N20,nominal,2.0NRT,292.78,2.32,N
21.08231,85.03297,319.13,0.45,0.39,2026-09-29,2017,N20,nominal,2.0NRT,293.05,1.26,N
21.08156,85.03724,305.93,0.45,0.39,2026-09-29,2017,N20,nominal,2.0NRT,293.51,1.26,N
21.07803,85.03653,327.57,0.45,0.39,2026-09-29,2017,N20,nominal,2.0NRT,295.71,1.97,N
21.07878,85.03226,310.85,0.45,0.39,2026-09-29,2017,N20,nominal,2.0NRT,293.88,1.97,N
21.07728,85.04079,308.87,0.45,0.39,2026-09-29,2017,N20,nominal,2.0NRT,293.45,3.06,N
21.57762,82.02084,307.27,0.38,0.36,2026-09-29,2017,N20,nominal,2.0NRT,295.95,0.85,N
21.07451,85.03581,309.97,0.45,0.39,2026-09-29,2017,N20,nominal,2.0NRT,295.04,1.97,N
21.60496,81.82518,306.36,0.38,0.36,2026-09-29,2017,N20,nominal,2.0NRT,295.31,0.36,N
21.54523,81.94691,308.31,0.38,0.36,2026-09-29,2017,N20,nominal,2.0NRT,295.93,0.73,N
20.97847,85.17024,323.45,0.46,0.39,2026-09-29,2017,N20,nominal,2.0NRT,293.99,2.77,N
20.98098,85.13494,318.75,0.45,0.39,2026-09-29,2017,N20,nominal,2.0NRT,294.12,1.96,N
20.97416,85.17383,309.72,0.46,0.39,2026-09-29,2017,N20,nominal,2.0NRT,293.61,2.87,N
20.97062,85.17311,341.67,0.46,0.39,2026-09-29,2017,N20,nominal,2.0NRT,295,2.87,N
20.97743,85.13422,307.96,0.45,0.39,2026-09-29,2017,N20,nominal,2.0NRT,293.87,1.96,N
20.96985,85.17743,313.43,0.46,0.39,2026-09-29,2017,N20,nominal,2.0NRT,293.37,2.87,N
20.96478,85.18539,330.45,0.46,0.39,2026-09-29,2017,N20,nominal,2.0NRT,294.07,2.12,N
20.96401,85.18974,327.19,0.46,0.39,2026-09-29,2017,N20,nominal,2.0NRT,295.69,4.01,N
20.96782,85.16807,311.41,0.46,0.39,2026-09-29,2017,N20,nominal,2.0NRT,293.34,1.63,N
20.96706,85.17239,312.73,0.46,0.39,2026-09-29,2017,N20,nominal,2.0NRT,293.24,1.95,N
20.9663,85.1767,312.73,0.46,0.39,2026-09-29,2017,N20,nominal,2.0NRT,293.68,1.95,N
20.96554,85.18104,310.25,0.46,0.39,2026-09-29,2017,N20,nominal,2.0NRT,293.53,2.12,N
20.96655,85.15438,311.3,0.46,0.39,2026-09-29,2017,N20,nominal,2.0NRT,292.68,2.05,N
20.96503,85.16302,308.11,0.46,0.39,2026-09-29,2017,N20,nominal,2.0NRT,293.48,1.63,N
20.96427,85.16734,319.92,0.46,0.39,2026-09-29,2017,N20,nominal,2.0NRT,294.28,1.63,N
20.96351,85.17165,318.31,0.46,0.39,2026-09-29,2017,N20,nominal,2.0NRT,293.71,1.95,N
20.96122,85.18466,306.33,0.46,0.39,2026-09-29,2017,N20,nominal,2.0NRT,293.58,2.12,N
22.93216,69.69979,327.32,0.57,0.69,2026-09-29,2017,N20,nominal,2.0NRT,294.58,2.04,N
22.9326,69.69412,304.72,0.57,0.69,2026-09-29,2017,N20,nominal,2.0NRT,294.68,2.04,N
21.50234,81.80793,307.42,0.38,0.36,2026-09-29,2017,N20,nominal,2.0NRT,294.95,0.56,N
20.95538,85.00982,306.04,0.45,0.39,2026-09-29,2017,N20,nominal,2.0NRT,293.46,2.51,N
20.88787,84.9798,318.7,0.45,0.39,2026-09-29,2017,N20,nominal,2.0NRT,293.53,1.71,N
20.88712,84.98407,309.21,0.45,0.39,2026-09-29,2017,N20,nominal,2.0NRT,294.03,1.71,N
20.87077,84.99401,320.94,0.45,0.39,2026-09-29,2017,N20,nominal,2.0NRT,294.67,3.06,N
20.86447,84.98831,332.26,0.45,0.39,2026-09-29,2017,N20,nominal,2.0NRT,294.93,4.63,N
20.86371,84.99262,317.57,0.45,0.39,2026-09-29,2017,N20,nominal,2.0NRT,294.54,3.41,N
20.80992,85.25513,310.58,0.46,0.39,2026-09-29,2017,N20,nominal,2.0NRT,294.35,1.42,N
20.80635,85.25439,310.23,0.46,0.39,2026-09-29,2017,N20,nominal,2.0NRT,294.48,1.69,N
20.80557,85.25877,312.06,0.46,0.39,2026-09-29,2017,N20,nominal,2.0NRT,294.89,1.78,N
20.79564,85.2522,330.91,0.46,0.39,2026-09-29,2017,N20,nominal,2.0NRT,294.52,2.98,N
20.78613,85.26395,320.57,0.46,0.39,2026-09-29,2017,N20,nominal,2.0NRT,295.04,2.87,N
20.78255,85.26324,304.95,0.46,0.39,2026-09-29,2017,N20,nominal,2.0NRT,292.99,0.93,N
21.37623,81.67963,316.88,0.39,0.36,2026-09-29,2017,N20,nominal,2.0NRT,296.88,1.92,N
20.76193,85.29544,320.15,0.46,0.39,2026-09-29,2017,N20,nominal,2.0NRT,295.31,1.84,N
21.37536,81.64159,311.08,0.39,0.36,2026-09-29,2017,N20,nominal,2.0NRT,295.89,0.74,N
20.76272,85.29106,307.38,0.46,0.39,2026-09-29,2017,N20,nominal,2.0NRT,294.14,1.4,N
20.76115,85.29979,308.22,0.46,0.39,2026-09-29,2017,N20,nominal,2.0NRT,294.58,1.84,N
21.36634,81.67786,308.23,0.39,0.36,2026-09-29,2017,N20,nominal,2.0NRT,295.72,0.73,N
21.36375,81.65089,311.54,0.39,0.36,2026-09-29,2017,N20,nominal,2.0NRT,295.91,1.28,N
21.34408,81.66681,316.32,0.39,0.36,2026-09-29,2017,N20,nominal,2.0NRT,295.17,1.62,N
21.37133,81.44792,307.32,0.39,0.36,2026-09-29,2017,N20,nominal,2.0NRT,295.03,0.54,N
21.31211,81.5892,306.63,0.39,0.36,2026-09-29,2017,N20,nominal,2.0NRT,295.23,0.32,N
21.29935,81.60588,313.02,0.39,0.36,2026-09-29,2017,N20,nominal,2.0NRT,294.93,0.79,N
21.29447,81.59366,306.69,0.39,0.36,2026-09-29,2017,N20,nominal,2.0NRT,294.82,0.64,N
22.36619,73.1121,307.46,0.34,0.56,2026-09-29,2017,N20,nominal,2.0NRT,295.86,2.82,N
20.5334,85.90805,307.09,0.5,0.41,2026-09-29,2017,N20,nominal,2.0NRT,292.78,1.63,N
20.53217,85.90509,309.04,0.5,0.41,2026-09-29,2017,N20,nominal,2.0NRT,292.58,1.78,N
21.196,81.41723,334.81,0.39,0.36,2026-09-29,2017,N20,nominal,2.0NRT,295.89,3.71,N
21.19383,81.40926,305.41,0.39,0.36,2026-09-29,2017,N20,nominal,2.0NRT,294.29,0.27,N
21.19338,81.3902,311.66,0.39,0.36,2026-09-29,2017,N20,nominal,2.0NRT,296.88,1.34,N
21.18677,81.38904,330.42,0.39,0.36,2026-09-29,2017,N20,nominal,2.0NRT,297.59,3.32,N
21.18403,81.38477,330.09,0.39,0.36,2026-09-29,2017,N20,nominal,2.0NRT,296.61,1.39,N
21.1846,81.38107,307.57,0.39,0.36,2026-09-29,2017,N20,nominal,2.0NRT,295.08,1.39,N
21.18346,81.38847,313.2,0.39,0.36,2026-09-29,2017,N20,nominal,2.0NRT,296.12,1.09,N
21.18073,81.38419,313.42,0.39,0.36,2026-09-29,2017,N20,nominal,2.0NRT,296.43,1.39,N
21.18016,81.38789,308.72,0.39,0.36,2026-09-29,2017,N20,nominal,2.0NRT,295.88,1.09,N
22.41958,69.03594,305.63,0.62,0.71,2026-09-29,2017,N20,nominal,2.0NRT,293.98,1.25,N
21.33679,78.96531,312.06,0.45,0.39,2026-09-29,2017,N20,nominal,2.0NRT,293.2,1.5,N
21.33619,78.96964,314.05,0.45,0.39,2026-09-29,2017,N20,nominal,2.0NRT,293.99,1.5,N
21.23322,79.62959,312.31,0.42,0.38,2026-09-29,2017,N20,nominal,2.0NRT,296.07,1.83,N
21.24862,79.21035,308.99,0.44,0.38,2026-09-29,2017,N20,nominal,2.0NRT,293.71,1.28,N
21.24683,79.22299,314.12,0.44,0.38,2026-09-29,2017,N20,nominal,2.0NRT,295.36,1.43,N
21.24331,79.22242,309.63,0.44,0.38,2026-09-29,2017,N20,nominal,2.0NRT,293.59,1.43,N
21.24212,79.23083,305.96,0.44,0.38,2026-09-29,2017,N20,nominal,2.0NRT,293.85,0.85,N
21.43306,72.97411,306.42,0.34,0.56,2026-09-29,2017,N20,nominal,2.0NRT,293.01,0.48,N
21.11159,72.63159,316.26,0.35,0.57,2026-09-29,2017,N20,nominal,2.0NRT,294.37,1.94,N
21.11126,72.63501,309.46,0.35,0.57,2026-09-29,2017,N20,nominal,2.0NRT,294.26,1.94,N
21.11025,72.64523,313.87,0.35,0.57,2026-09-29,2017,N20,nominal,2.0NRT,294.1,2.31,N
21.10601,72.63437,343.77,0.35,0.57,2026-09-29,2017,N20,nominal,2.0NRT,293.89,1.94,N
21.10501,72.64459,327.23,0.35,0.57,2026-09-29,2017,N20,nominal,2.0NRT,293.81,2.31,N
21.10534,72.64119,309.71,0.35,0.57,2026-09-29,2017,N20,nominal,2.0NRT,293.2,4.59,N
21.10991,72.64457,322.75,0.35,0.57,2026-09-29,2017,N20,nominal,2.0NRT,294.04,2.6,N
21.11135,72.63095,317.51,0.35,0.57,2026-09-29,2017,N20,nominal,2.0NRT,294.14,2.3,N
21.11099,72.63436,311.13,0.35,0.57,2026-09-29,2017,N20,nominal,2.0NRT,294.51,2.3,N
21.10575,72.63374,348.66,0.35,0.57,2026-09-29,2017,N20,nominal,2.0NRT,293.63,2.3,N
21.10467,72.64394,331.39,0.35,0.57,2026-09-29,2017,N20,nominal,2.0NRT,293.49,2.6,N
21.10051,72.6331,308.63,0.35,0.57,2026-09-29,2017,N20,nominal,2.0NRT,293.14,0.92,N
20.91094,71.45554,305.42,0.42,0.61,2026-09-29,2017,N20,nominal,2.0NRT,292.26,1.01,N
19.96459,79.33292,311.28,0.42,0.38,2026-09-29,2017,N20,nominal,2.0NRT,293.24,0.98,N
19.96232,79.33381,314.99,0.42,0.38,2026-09-29,2017,N20,nominal,2.0NRT,293.35,1.48,N
20.91326,71.45761,305.91,0.42,0.61,2026-09-29,2017,N20,nominal,2.0NRT,292.45,0.92,N
19.92923,79.12043,305.79,0.43,0.38,2026-09-29,2017,N20,nominal,2.0NRT,294.91,1.02,N
19.81803,79.33649,312.69,0.42,0.38,2026-09-29,2017,N20,nominal,2.0NRT,294.08,1.23,N
19.78872,79.14558,305.59,0.43,0.38,2026-09-29,2017,N20,nominal,2.0NRT,293.94,0.76,N
19.80267,78.86632,305.7,0.44,0.38,2026-09-29,2017,N20,nominal,2.0NRT,294.92,0.65,N
19.72263,79.17379,310.13,0.43,0.38,2026-09-29,2017,N20,nominal,2.0NRT,295.18,1.07,N
19.1053,82.16395,317.12,0.39,0.36,2026-09-29,2017,N20,nominal,2.0NRT,293.29,0.63,N
19.10471,82.16759,307.49,0.39,0.36,2026-09-29,2017,N20,nominal,2.0NRT,295.04,1.11,N
19.0981,82.1664,321.87,0.39,0.36,2026-09-29,2017,N20,nominal,2.0NRT,293.88,2.62,N
18.86354,83.56973,309.01,0.42,0.37,2026-09-29,2017,N20,nominal,2.0NRT,293.52,0.97,N
19.09407,82.16978,312.94,0.39,0.36,2026-09-29,2017,N20,nominal,2.0NRT,296.2,1.6,N
18.86357,83.57063,307.05,0.42,0.37,2026-09-29,2017,N20,nominal,2.0NRT,293.27,0.96,N
19.9396,73.7095,304.37,0.58,0.52,2026-09-29,2019,N20,nominal,2.0NRT,286.57,0.69,N
19.93475,73.71259,302.85,0.58,0.52,2026-09-29,2019,N20,nominal,2.0NRT,287.57,0.86,N
18.72114,79.53773,313.76,0.41,0.37,2026-09-29,2019,N20,nominal,2.0NRT,295.42,2.17,N
19.23618,73.02249,304.6,0.63,0.54,2026-09-29,2019,N20,nominal,2.0NRT,288,1.97,N
17.6133,83.20517,307.62,0.42,0.37,2026-09-29,2019,N20,nominal,2.0NRT,294.31,0.62,N
17.60989,83.20454,317.78,0.42,0.37,2026-09-29,2019,N20,nominal,2.0NRT,295.72,1.87,N
17.60713,83.20004,314.68,0.41,0.37,2026-09-29,2019,N20,nominal,2.0NRT,294.74,1.06,N
17.98705,80.83194,308.71,0.39,0.36,2026-09-29,2019,N20,nominal,2.0NRT,297.9,1.9,N
17.98432,80.82777,325.25,0.39,0.36,2026-09-29,2019,N20,nominal,2.0NRT,299.03,3.04,N
17.95912,80.79384,310.92,0.39,0.36,2026-09-29,2019,N20,nominal,2.0NRT,297.83,2.46,N
17.95855,80.79744,318.26,0.39,0.36,2026-09-29,2019,N20,nominal,2.0NRT,297.85,2.12,N
18.69526,73.03918,304.06,0.62,0.54,2026-09-29,2019,N20,nominal,2.0NRT,288.89,1.51,N
18.68671,73.02612,302.87,0.62,0.54,2026-09-29,2019,N20,nominal,2.0NRT,289.36,1.97,N
18.68604,73.032,311.67,0.62,0.54,2026-09-29,2019,N20,nominal,2.0NRT,289.31,1.97,N
18.68537,73.03789,304.58,0.62,0.54,2026-09-29,2019,N20,nominal,2.0NRT,288.39,2.48,N
18.68109,73.03136,303.68,0.62,0.54,2026-09-29,2019,N20,nominal,2.0NRT,289.19,1.9,N
17.58429,80.3186,308.3,0.39,0.36,2026-09-29,2019,N20,nominal,2.0NRT,295.17,1,N
17.46457,80.65175,309.16,0.39,0.36,2026-09-29,2019,N20,nominal,2.0NRT,295.14,0.98,N
16.8731,81.99245,307,0.39,0.36,2026-09-29,2019,N20,nominal,2.0NRT,295.01,0.66,N
39.64324,66.8604,305.71,0.5,0.41,2026-09-29,2153,N20,nominal,2.0NRT,282.51,1.08,N
39.6396,66.85912,296.32,0.5,0.41,2026-09-29,2153,N20,nominal,2.0NRT,281.42,1.08,N
39.17674,68.61323,297.95,0.41,0.45,2026-09-29,2153,N20,nominal,2.0NRT,277.51,0.8,N
38.39752,69.11192,303.53,0.45,0.47,2026-09-29,2153,N20,nominal,2.0NRT,286.82,0.75,N
39.55394,62.89285,297.84,0.39,0.36,2026-09-29,2153,N20,nominal,2.0NRT,285.5,0.5,N
38.32836,68.98545,301.88,0.44,0.46,2026-09-29,2153,N20,nominal,2.0NRT,287.25,0.93,N
38.55209,65.95013,308.19,0.48,0.4,2026-09-29,2153,N20,nominal,2.0NRT,278.86,1.04,N
38.5485,65.94894,297.12,0.48,0.4,2026-09-29,2153,N20,nominal,2.0NRT,278.62,0.76,N
38.05316,67.26335,299.43,0.56,0.43,2026-09-29,2153,N20,nominal,2.0NRT,282.7,0.83,N
39.51174,54.32745,301.64,0.44,0.46,2026-09-29,2153,N20,nominal,2.0NRT,286.84,0.47,N
37.93902,65.22403,304.27,0.46,0.39,2026-09-29,2153,N20,nominal,2.0NRT,285.46,0.88,N
39.44673,54.38755,326.78,0.44,0.46,2026-09-29,2153,N20,nominal,2.0NRT,291.69,2.48,N
37.99029,61.88147,301.47,0.39,0.36,2026-09-29,2155,N20,nominal,2.0NRT,288.11,0.33,N
37.98631,61.88495,313.54,0.39,0.36,2026-09-29,2155,N20,nominal,2.0NRT,289.91,1.27,N
37.90535,61.98339,303.56,0.39,0.36,2026-09-29,2155,N20,nominal,2.0NRT,289.47,0.64,N
37.84404,61.60379,314.62,0.38,0.36,2026-09-29,2155,N20,nominal,2.0NRT,288.25,1.5,N
37.65712,62.24368,302.64,0.39,0.36,2026-09-29,2155,N20,nominal,2.0NRT,285.88,1.39,N
37.65054,62.24194,306.67,0.39,0.36,2026-09-29,2155,N20,nominal,2.0NRT,287.41,1.08,N
38.67988,54.31631,324.41,0.43,0.46,2026-09-29,2155,N20,nominal,2.0NRT,289.94,1.85,N
37.63992,62.20279,300.59,0.39,0.36,2026-09-29,2155,N20,nominal,2.0NRT,283.67,0.93,N
37.62787,62.21323,327.85,0.39,0.36,2026-09-29,2155,N20,nominal,2.0NRT,289.66,2.44,N
38.64892,54.28104,338.82,0.43,0.46,2026-09-29,2155,N20,nominal,2.0NRT,290.13,4.45,N
37.62856,62.16802,311.88,0.39,0.36,2026-09-29,2155,N20,nominal,2.0NRT,287.85,0.86,N
37.62527,62.16715,310.49,0.39,0.36,2026-09-29,2155,N20,nominal,2.0NRT,288.97,1.05,N
37.61977,62.13851,337.13,0.39,0.36,2026-09-29,2155,N20,nominal,2.0NRT,292.96,5.05,N
37.84578,60.68067,298.3,0.39,0.36,2026-09-29,2155,N20,nominal,2.0NRT,287.17,0.61,N
37.84512,60.68502,307.29,0.39,0.36,2026-09-29,2155,N20,nominal,2.0NRT,288.55,0.61,N
38.19542,58.10123,300.73,0.44,0.38,2026-09-29,2155,N20,nominal,2.0NRT,285.77,0.87,N
38.1949,58.05003,300.05,0.44,0.38,2026-09-29,2155,N20,nominal,2.0NRT,283.41,1.02,N
37.62993,61.72381,301.84,0.39,0.36,2026-09-29,2155,N20,nominal,2.0NRT,289.21,0.38,N
37.60512,61.70846,306.16,0.39,0.36,2026-09-29,2155,N20,nominal,2.0NRT,289.69,0.52,N
37.61463,61.60771,324.39,0.38,0.36,2026-09-29,2155,N20,nominal,2.0NRT,290.6,1.43,N
37.61345,61.59394,328.08,0.38,0.36,2026-09-29,2155,N20,nominal,2.0NRT,291.7,2.04,N
37.61693,61.57241,301.24,0.38,0.36,2026-09-29,2155,N20,nominal,2.0NRT,289.57,0.4,N
37.61135,61.60688,313.98,0.38,0.36,2026-09-29,2155,N20,nominal,2.0NRT,290.22,1.43,N
37.55777,61.93477,307.21,0.39,0.36,2026-09-29,2155,N20,nominal,2.0NRT,290.08,1.06,N
37.60808,61.60604,331.95,0.38,0.36,2026-09-29,2155,N20,nominal,2.0NRT,291.4,3.08,N
37.61296,61.57588,319.7,0.38,0.36,2026-09-29,2155,N20,nominal,2.0NRT,292.01,1.24,N
37.61017,61.59311,303,0.38,0.36,2026-09-29,2155,N20,nominal,2.0NRT,289.32,0.67,N
37.60968,61.57504,310.9,0.38,0.36,2026-09-29,2155,N20,nominal,2.0NRT,290.99,1.24,N
38.11646,58.04406,300.35,0.44,0.38,2026-09-29,2155,N20,nominal,2.0NRT,285.79,0.48,N
37.60661,61.55184,312.38,0.38,0.36,2026-09-29,2155,N20,nominal,2.0NRT,289.39,0.51,N
37.59866,61.55879,318.01,0.38,0.36,2026-09-29,2155,N20,nominal,2.0NRT,290.95,1.15,N
37.59182,61.55892,299.54,0.38,0.36,2026-09-29,2155,N20,nominal,2.0NRT,289.27,0.43,N
37.59339,61.52794,340.82,0.38,0.36,2026-09-29,2155,N20,nominal,2.0NRT,293.79,5.58,N
37.58873,61.53572,306.9,0.38,0.36,2026-09-29,2155,N20,nominal,2.0NRT,290.13,0.76,N
37.58129,61.56071,315.12,0.38,0.36,2026-09-29,2155,N20,nominal,2.0NRT,290.17,1.45,N
37.50106,61.98962,307.21,0.39,0.36,2026-09-29,2155,N20,nominal,2.0NRT,290.06,0.7,N
37.48279,61.97585,315.71,0.39,0.36,2026-09-29,2155,N20,nominal,2.0NRT,291.37,1.29,N
37.42378,62.30915,309.06,0.39,0.36,2026-09-29,2155,N20,nominal,2.0NRT,290.09,0.57,N
37.49686,61.84884,308.67,0.39,0.36,2026-09-29,2155,N20,nominal,2.0NRT,290.66,1.35,N
37.72651,60.3677,300.74,0.39,0.36,2026-09-29,2155,N20,nominal,2.0NRT,287.98,0.73,N
38.02726,58.1764,303.35,0.43,0.38,2026-09-29,2155,N20,nominal,2.0NRT,288.3,0.58,N
37.44586,62.07458,303.59,0.39,0.36,2026-09-29,2155,N20,nominal,2.0NRT,290.22,0.58,N
37.40657,62.30915,314.51,0.39,0.36,2026-09-29,2155,N20,nominal,2.0NRT,288.9,1.47,N
37.39522,62.31524,308.07,0.39,0.36,2026-09-29,2155,N20,nominal,2.0NRT,285.85,1.09,N
37.94829,58.58673,303.98,0.42,0.38,2026-09-29,2155,N20,nominal,2.0NRT,286.76,0.83,N
37.94115,58.5607,309.04,0.42,0.38,2026-09-29,2155,N20,nominal,2.0NRT,287.24,0.76,N
37.67185,60.34719,302.13,0.39,0.36,2026-09-29,2155,N20,nominal,2.0NRT,289.12,0.67,N
37.63559,60.33855,316.35,0.39,0.36,2026-09-29,2155,N20,nominal,2.0NRT,288.65,0.96,N
37.63493,60.34291,301.36,0.39,0.36,2026-09-29,2155,N20,nominal,2.0NRT,288.66,0.96,N
37.31091,62.34918,297.3,0.39,0.36,2026-09-29,2155,N20,nominal,2.0NRT,280.61,0.71,N
37.61782,60.38841,298.83,0.39,0.36,2026-09-29,2155,N20,nominal,2.0NRT,285.6,0.62,N
37.51463,61.05786,302.05,0.38,0.36,2026-09-29,2155,N20,nominal,2.0NRT,289.8,0.5,N
37.81393,58.98466,313.92,0.41,0.37,2026-09-29,2155,N20,nominal,2.0NRT,285.83,1.68,N
37.51087,61.01672,328.21,0.38,0.36,2026-09-29,2155,N20,nominal,2.0NRT,293.3,2.26,N
37.51155,61.01242,302.71,0.38,0.36,2026-09-29,2155,N20,nominal,2.0NRT,289.42,1.18,N
37.50297,61.0237,316.83,0.38,0.36,2026-09-29,2155,N20,nominal,2.0NRT,291.37,1.75,N
37.53124,60.82056,306.9,0.38,0.36,2026-09-29,2155,N20,nominal,2.0NRT,288.17,0.86,N
37.8294,58.38585,297.81,0.42,0.38,2026-09-29,2155,N20,nominal,2.0NRT,287.32,0.73,N
37.35037,61.36251,326.05,0.38,0.36,2026-09-29,2155,N20,nominal,2.0NRT,288.71,2.09,N
37.48814,60.45834,303.2,0.39,0.36,2026-09-29,2155,N20,nominal,2.0NRT,287.43,0.6,N
37.36861,61.05486,304.93,0.38,0.36,2026-09-29,2155,N20,nominal,2.0NRT,290.74,0.39,N
37.32915,61.08744,318.72,0.38,0.36,2026-09-29,2155,N20,nominal,2.0NRT,291.7,1.38,N
37.3278,61.09602,312.49,0.38,0.36,2026-09-29,2155,N20,nominal,2.0NRT,290.95,1.16,N
37.30667,61.12196,302.62,0.38,0.36,2026-09-29,2155,N20,nominal,2.0NRT,290.65,0.44,N
37.35761,60.46523,302.21,0.39,0.36,2026-09-29,2155,N20,nominal,2.0NRT,287.24,1.14,N
37.22398,60.8897,304.78,0.38,0.36,2026-09-29,2155,N20,nominal,2.0NRT,287.69,0.75,N
37.18009,60.86561,304.29,0.38,0.36,2026-09-29,2155,N20,nominal,2.0NRT,286.98,0.71,N
37.21999,60.02324,296.69,0.39,0.36,2026-09-29,2155,N20,nominal,2.0NRT,286.67,0.79,N
37.18685,59.99303,302.51,0.39,0.36,2026-09-29,2155,N20,nominal,2.0NRT,287.79,0.64,N
37.18945,59.84229,305.12,0.39,0.36,2026-09-29,2155,N20,nominal,2.0NRT,286.74,0.47,N
37.55037,56.90036,299.47,0.48,0.4,2026-09-29,2155,N20,nominal,2.0NRT,285.91,0.55,N
37.45281,57.68359,301.47,0.44,0.39,2026-09-29,2155,N20,nominal,2.0NRT,287.45,1.2,N
37.45217,57.68859,303.47,0.44,0.39,2026-09-29,2155,N20,nominal,2.0NRT,287.94,1.2,N
37.34012,58.04733,299,0.43,0.38,2026-09-29,2155,N20,nominal,2.0NRT,288.06,0.96,N
36.47796,61.62432,304.31,0.39,0.36,2026-09-29,2155,N20,nominal,2.0NRT,291.26,2.29,N
36.43831,61.21734,314.52,0.38,0.36,2026-09-29,2155,N20,nominal,2.0NRT,290.63,1.28,N
36.99142,56.22818,297.99,0.5,0.41,2026-09-29,2155,N20,nominal,2.0NRT,286.5,0.72,N
36.49581,59.33449,310.93,0.4,0.37,2026-09-29,2155,N20,nominal,2.0NRT,286.89,1.21,N
35.90666,62.96422,314.13,0.41,0.37,2026-09-29,2155,N20,nominal,2.0NRT,287.27,1.46,N
35.89038,63.01614,301.04,0.41,0.37,2026-09-29,2155,N20,nominal,2.0NRT,288.4,0.59,N
36.33515,59.40893,297.77,0.39,0.36,2026-09-29,2155,N20,nominal,2.0NRT,283.96,0.57,N
36.27243,59.64934,307.4,0.39,0.36,2026-09-29,2155,N20,nominal,2.0NRT,288.36,0.55,N
36.23672,59.73161,305.89,0.39,0.36,2026-09-29,2153,N20,nominal,2.0NRT,286.75,0.88,N
36.3706,56.78267,303.01,0.47,0.4,2026-09-29,2153,N20,nominal,2.0NRT,280.67,0.93,N
36.32788,54.61713,297.03,0.39,0.44,2026-09-29,2153,N20,nominal,2.0NRT,286.09,0.51,N
36.29763,54.78541,304.91,0.38,0.43,2026-09-29,2153,N20,nominal,2.0NRT,287.58,0.88,N
36.32281,54.18623,295.73,0.41,0.45,2026-09-29,2153,N20,nominal,2.0NRT,281.95,0.44,N
33.29672,71.18597,316.76,0.38,0.59,2026-09-29,2153,N20,nominal,2.0NRT,291.05,1.46,N
35.35616,60.2159,305.64,0.38,0.36,2026-09-29,2153,N20,nominal,2.0NRT,285,1.24,N
35.36847,59.30462,309.95,0.39,0.36,2026-09-29,2153,N20,nominal,2.0NRT,285.92,1.23,N
35.31757,59.48662,297.4,0.39,0.36,2026-09-29,2153,N20,nominal,2.0NRT,286.86,0.49,N
35.24693,59.25296,296.06,0.39,0.36,2026-09-29,2153,N20,nominal,2.0NRT,284.5,0.2,N
32.29297,70.73775,302.85,0.38,0.59,2026-09-29,2153,N20,nominal,2.0NRT,291.43,0.74,N
31.76822,70.10703,305.26,0.36,0.58,2026-09-29,2153,N20,nominal,2.0NRT,290.94,0.54,N
33.75403,59.14574,310.01,0.39,0.36,2026-09-29,2153,N20,nominal,2.0NRT,286.63,1.2,N
32.92383,60.23101,307.11,0.39,0.36,2026-09-29,2153,N20,nominal,2.0NRT,288.96,1.06,N
33.0414,56.84655,313.36,0.43,0.38,2026-09-29,2153,N20,nominal,2.0NRT,295.99,1.91,N
32.33407,54.08644,305.21,0.56,0.43,2026-09-29,2155,N20,nominal,2.0NRT,288.94,1.57,N
32.33507,54.08698,305.71,0.56,0.43,2026-09-29,2155,N20,nominal,2.0NRT,289.6,1.19,N
31.95223,54.01823,307.02,0.56,0.43,2026-09-29,2155,N20,nominal,2.0NRT,293.33,1.49,N
31.88206,54.42424,306.71,0.53,0.42,2026-09-29,2155,N20,nominal,2.0NRT,294.21,1.44,N
31.704,55.44652,306.41,0.48,0.4,2026-09-29,2155,N20,nominal,2.0NRT,295.13,1.5,N
31.4337,56.49073,304.17,0.43,0.38,2026-09-29,2155,N20,nominal,2.0NRT,290.6,0.6,N
31.62419,54.72344,307.74,0.51,0.41,2026-09-29,2155,N20,nominal,2.0NRT,290.3,1.32,N
30.97055,56.45137,301.78,0.43,0.38,2026-09-29,2155,N20,nominal,2.0NRT,291.38,1.1,N
28.42411,69.69945,306.38,0.41,0.61,2026-09-29,2155,N20,nominal,2.0NRT,291.52,0.78,N
30.15686,60.73457,310.17,0.4,0.37,2026-09-29,2155,N20,nominal,2.0NRT,294.47,0.96,N
30.75463,56.65466,302.54,0.42,0.38,2026-09-29,2155,N20,nominal,2.0NRT,292.4,0.9,N
30.75403,56.65905,306.53,0.42,0.38,2026-09-29,2155,N20,nominal,2.0NRT,291.26,0.9,N
30.66498,56.62209,311.07,0.42,0.38,2026-09-29,2155,N20,nominal,2.0NRT,289.62,0.81,N
30.50452,56.81994,302.08,0.41,0.37,2026-09-29,2155,N20,nominal,2.0NRT,289.77,1.03,N
28.05216,69.36541,304.66,0.4,0.6,2026-09-29,2155,N20,nominal,2.0NRT,292.71,1.22,N
28.05121,69.36934,319.85,0.4,0.6,2026-09-29,2155,N20,nominal,2.0NRT,293.02,1.5,N
30.35801,56.94355,299.36,0.41,0.37,2026-09-29,2155,N20,nominal,2.0NRT,288.3,0.56,N
30.212,57.77298,315.8,0.39,0.36,2026-09-29,2155,N20,nominal,2.0NRT,296.73,1.71,N
30.36822,56.12844,319.46,0.43,0.38,2026-09-29,2155,N20,nominal,2.0NRT,291.08,1.5,N
30.23635,56.91064,302.5,0.41,0.37,2026-09-29,2155,N20,nominal,2.0NRT,292.44,0.67,N
30.23355,56.90578,301.43,0.41,0.37,2026-09-29,2155,N20,nominal,2.0NRT,290.55,1,N
30.23295,56.91,304.83,0.41,0.37,2026-09-29,2155,N20,nominal,2.0NRT,291.64,1.03,N
30.32561,56.22414,301.67,0.43,0.38,2026-09-29,2155,N20,nominal,2.0NRT,290.42,1.09,N
30.18207,57.1675,301.76,0.4,0.37,2026-09-29,2155,N20,nominal,2.0NRT,287.44,0.95,N
30.17534,57.16622,300.87,0.4,0.37,2026-09-29,2155,N20,nominal,2.0NRT,287.45,0.73,N
30.32373,55.97462,311.24,0.44,0.38,2026-09-29,2155,N20,nominal,2.0NRT,290.69,0.88,N
29.47806,60.80639,301.34,0.41,0.37,2026-09-29,2155,N20,nominal,2.0NRT,287.94,0.66,N
30.21807,55.98206,309.37,0.44,0.38,2026-09-29,2155,N20,nominal,2.0NRT,291.4,1.43,N
30.21395,55.98601,305.67,0.44,0.38,2026-09-29,2155,N20,nominal,2.0NRT,290.38,0.83,N
29.92925,56.73307,315.94,0.41,0.37,2026-09-29,2155,N20,nominal,2.0NRT,291.27,1.88,N
29.99397,55.85257,328.6,0.44,0.38,2026-09-29,2155,N20,nominal,2.0NRT,290.32,7.4,N
29.98695,55.85128,296.79,0.44,0.38,2026-09-29,2155,N20,nominal,2.0NRT,286.19,1.19,N
28.66295,59.00967,312.73,0.39,0.36,2026-09-29,2155,N20,nominal,2.0NRT,294.37,1.28,N
29.15107,55.36488,299.32,0.45,0.39,2026-09-29,2155,N20,nominal,2.0NRT,288.95,1.47,N
29.13853,55.37693,310.24,0.45,0.39,2026-09-29,2155,N20,nominal,2.0NRT,292.17,2.36,N
29.13142,55.37572,299.57,0.45,0.39,2026-09-29,2155,N20,nominal,2.0NRT,289.48,0.77,N
28.20531,61.30274,304,0.43,0.38,2026-09-29,2155,N20,nominal,2.0NRT,290.81,0.58,N
29.12677,55.35602,304.2,0.45,0.39,2026-09-29,2155,N20,nominal,2.0NRT,290.32,1.04,N
27.23016,60.48969,311.02,0.42,0.37,2026-09-29,2155,N20,nominal,2.0NRT,297.22,1.53,N
25.38882,68.58127,313.14,0.41,0.61,2026-09-29,2155,N20,nominal,2.0NRT,293.08,0.95,N
25.38892,68.58222,323.03,0.41,0.61,2026-09-29,2155,N20,nominal,2.0NRT,293.1,1.8,N
27.42245,56.5015,321.78,0.4,0.37,2026-09-29,2155,N20,nominal,2.0NRT,298.49,3.26,N
27.30455,56.3013,312.15,0.41,0.37,2026-09-29,2155,N20,nominal,2.0NRT,297.8,2.65,N
27.30116,56.30067,314.71,0.41,0.37,2026-09-29,2155,N20,nominal,2.0NRT,297.94,2.87,N
25.15772,67.70269,308.26,0.37,0.58,2026-09-29,2155,N20,nominal,2.0NRT,292.63,0.67,N
25.05201,67.49093,304.27,0.36,0.57,2026-09-29,2155,N20,nominal,2.0NRT,291.72,0.87,N
25.05123,67.49435,313.44,0.36,0.57,2026-09-29,2155,N20,nominal,2.0NRT,293.45,0.87,N
27.15834,56.05015,310.53,0.41,0.37,2026-09-29,2155,N20,nominal,2.0NRT,300.26,2.53,N
27.14611,56.11148,322.68,0.41,0.37,2026-09-29,2155,N20,nominal,2.0NRT,299.67,3.86,N
24.99023,66.93165,306.32,0.33,0.55,2026-09-29,2155,N20,nominal,2.0NRT,292.17,0.66,N
25.97298,56.07013,311.72,0.4,0.37,2026-09-29,2155,N20,nominal,2.0NRT,301.49,0.84,N
25.96622,56.06891,315.99,0.4,0.37,2026-09-29,2155,N20,nominal,2.0NRT,302.71,0.99,N
25.90331,54.53384,313.57,0.45,0.39,2026-09-29,2155,N20,nominal,2.0NRT,300.11,0.58,N
22.93323,69.69643,306.37,0.55,0.68,2026-09-29,2155,N20,nominal,2.0NRT,294.15,1.27,N
25.55834,55.98456,311.83,0.4,0.37,2026-09-29,2155,N20,nominal,2.0NRT,301.35,2.12,N
25.55613,55.97596,313.02,0.4,0.37,2026-09-29,2155,N20,nominal,2.0NRT,300.99,2.4,N
25.70405,54.29997,318.79,0.46,0.39,2026-09-29,2155,N20,nominal,2.0NRT,302.82,1.36,N
24.50493,56.60733,344.75,0.39,0.36,2026-09-29,2157,N20,nominal,2.0NRT,302.05,9.74,N
24.5022,56.60292,318.55,0.39,0.36,2026-09-29,2157,N20,nominal,2.0NRT,300.63,3.06,N
24.47378,56.63297,317.51,0.39,0.36,2026-09-29,2157,N20,nominal,2.0NRT,299.68,2.94,N
24.465,56.62355,338.6,0.39,0.36,2026-09-29,2157,N20,nominal,2.0NRT,299.29,3.11,N
24.46168,56.62294,311.4,0.39,0.36,2026-09-29,2157,N20,nominal,2.0NRT,299.41,3.11,N
24.45552,56.55137,319.79,0.39,0.36,2026-09-29,2157,N20,nominal,2.0NRT,299.54,2.74,N
24.6066,54.14809,322.62,0.46,0.39,2026-09-29,2157,N20,nominal,2.0NRT,303.34,0.9,N
24.51223,54.01911,332.07,0.46,0.39,2026-09-29,2157,N20,nominal,2.0NRT,302.88,1.47,N
24.50863,54.01852,327.76,0.46,0.39,2026-09-29,2157,N20,nominal,2.0NRT,302.8,1.47,N
24.32865,54.46846,313.64,0.44,0.39,2026-09-29,2157,N20,nominal,2.0NRT,302.73,1.09,N
24.32512,54.46787,315.21,0.44,0.39,2026-09-29,2157,N20,nominal,2.0NRT,303.73,1.09,N
23.55521,58.19923,316.25,0.39,0.36,2026-09-29,2157,N20,nominal,2.0NRT,299.49,0.96,N
23.48429,58.27992,314.65,0.39,0.36,2026-09-29,2157,N20,nominal,2.0NRT,299.62,0.52,N
23.6632,54.35015,310.69,0.44,0.38,2026-09-29,2157,N20,nominal,2.0NRT,297.73,0.88,N
23.36591,56.28104,313.51,0.39,0.36,2026-09-29,2157,N20,nominal,2.0NRT,301.88,0.91,N
23.36533,56.28483,310.51,0.39,0.36,2026-09-29,2157,N20,nominal,2.0NRT,299.24,0.91,N
22.65612,59.41572,314.9,0.42,0.38,2026-09-29,2157,N20,nominal,2.0NRT,299.91,2.52,N
23.1932,55.45496,318.39,0.4,0.37,2026-09-29,2157,N20,nominal,2.0NRT,298.71,1.63,N
23.19263,55.45888,318.91,0.4,0.37,2026-09-29,2157,N20,nominal,2.0NRT,301.51,1.63,N
23.19206,55.4628,313.85,0.4,0.37,2026-09-29,2157,N20,nominal,2.0NRT,299.29,2.02,N
22.70648,57.57821,310.62,0.39,0.36,2026-09-29,2157,N20,nominal,2.0NRT,297.94,0.91,N
22.87996,55.92525,322.69,0.39,0.36,2026-09-29,2157,N20,nominal,2.0NRT,299.6,1.39,N
22.87938,55.92905,313.23,0.39,0.36,2026-09-29,2157,N20,nominal,2.0NRT,299.46,1.39,N
22.8752,55.61392,333.98,0.4,0.37,2026-09-29,2157,N20,nominal,2.0NRT,297.52,5,N
22.78358,54.72803,307.88,0.42,0.38,2026-09-29,2157,N20,nominal,2.0NRT,297.52,0.7,N
22.4057,56.98993,330.86,0.38,0.36,2026-09-29,2157,N20,nominal,2.0NRT,298.13,4.25,N
22.34663,56.43465,315.94,0.39,0.36,2026-09-29,2157,N20,nominal,2.0NRT,299.08,0.7,N
22.32808,56.48857,334.74,0.39,0.36,2026-09-29,2157,N20,nominal,2.0NRT,298.19,2.13,N
22.32766,56.46943,308.76,0.39,0.36,2026-09-29,2157,N20,nominal,2.0NRT,297.86,0.9,N
22.32709,56.47314,319.96,0.39,0.36,2026-09-29,2157,N20,nominal,2.0NRT,298.76,0.9,N
22.29148,56.52777,327.19,0.39,0.36,2026-09-29,2157,N20,nominal,2.0NRT,301.69,3.43,N
22.29206,56.52406,311.25,0.39,0.36,2026-09-29,2157,N20,nominal,2.0NRT,297.14,3.43,N
22.60928,54.06758,313.52,0.44,0.39,2026-09-29,2157,N20,nominal,2.0NRT,300.2,2.51,N
22.10842,57.33943,308.23,0.39,0.36,2026-09-29,2157,N20,nominal,2.0NRT,296.16,0.52,N
22.1087,57.3166,317.66,0.39,0.36,2026-09-29,2157,N20,nominal,2.0NRT,296.1,0.75,N
22.27275,56.25373,329.05,0.39,0.36,2026-09-29,2157,N20,nominal,2.0NRT,299.17,7.05,N
22.5287,54.05005,331.99,0.44,0.39,2026-09-29,2157,N20,nominal,2.0NRT,300.1,6.09,N
21.93678,57.07254,333.63,0.38,0.36,2026-09-29,2157,N20,nominal,2.0NRT,296.97,4.24,N
22.08109,55.97495,311.79,0.39,0.36,2026-09-29,2157,N20,nominal,2.0NRT,300.29,3.51,N
21.94313,56.03222,306.2,0.39,0.36,2026-09-29,2157,N20,nominal,2.0NRT,295.44,0.56,N
21.83595,56.67942,329.6,0.38,0.36,2026-09-29,2157,N20,nominal,2.0NRT,298.11,2.15,N
21.3343,57.72291,315.36,0.39,0.36,2026-09-29,2157,N20,nominal,2.0NRT,295.53,1.09,N
21.32103,57.72043,326.71,0.39,0.36,2026-09-29,2157,N20,nominal,2.0NRT,295.41,1.9,N
21.314,57.74223,327.03,0.39,0.36,2026-09-29,2157,N20,nominal,2.0NRT,295.04,2.14,N
21.31338,57.74597,330.16,0.39,0.36,2026-09-29,2157,N20,nominal,2.0NRT,295.81,2.14,N
21.30469,57.79843,322.92,0.39,0.36,2026-09-29,2157,N20,nominal,2.0NRT,295.67,1.72,N
21.30661,57.70641,321.39,0.39,0.36,2026-09-29,2157,N20,nominal,2.0NRT,295.53,1.1,N
21.29701,57.6815,311.85,0.39,0.36,2026-09-29,2157,N20,nominal,2.0NRT,295.29,0.72,N
21.39511,56.71456,312.91,0.38,0.36,2026-09-29,2157,N20,nominal,2.0NRT,297.34,0.8,N
21.29684,57.09497,308.12,0.39,0.36,2026-09-29,2157,N20,nominal,2.0NRT,297.53,0.92,N
21.29295,57.09805,321.13,0.39,0.36,2026-09-29,2157,N20,nominal,2.0NRT,297.44,2.21,N
20.9874,56.77478,315.51,0.38,0.36,2026-09-29,2157,N20,nominal,2.0NRT,296.55,0.84,N
21.00212,56.5324,330.44,0.38,0.36,2026-09-29,2157,N20,nominal,2.0NRT,301.48,4.73,N
21.00269,56.52874,306.98,0.38,0.36,2026-09-29,2157,N20,nominal,2.0NRT,296.43,2.36,N
20.56065,56.42136,309.68,0.38,0.36,2026-09-29,2157,N20,nominal,2.0NRT,294.52,0.9,N
20.37488,55.93514,314.28,0.39,0.36,2026-09-29,2157,N20,nominal,2.0NRT,295.61,0.49,N
20.38994,55.66197,329.98,0.39,0.36,2026-09-29,2157,N20,nominal,2.0NRT,296.67,3.61,N
20.38558,55.64603,326.61,0.39,0.36,2026-09-29,2157,N20,nominal,2.0NRT,296.47,2.01,N
20.21246,55.71136,329.03,0.39,0.36,2026-09-29,2157,N20,nominal,2.0NRT,294.98,2.22,N
19.35204,56.17038,309.73,0.38,0.36,2026-09-29,2157,N20,nominal,2.0NRT,294.32,0.65,N
19.11906,56.16032,303.85,0.38,0.36,2026-09-29,2157,N20,nominal,2.0NRT,293.6,0.39,N
18.5637,55.86814,317.46,0.38,0.36,2026-09-29,2157,N20,nominal,2.0NRT,294.22,1.04,N
18.55601,55.87048,304.04,0.38,0.36,2026-09-29,2157,N20,nominal,2.0NRT,293.44,0.4,N
17.99754,55.16003,308.49,0.39,0.36,2026-09-29,2157,N20,nominal,2.0NRT,295.05,0.64,N
18.0699,54.55421,328.08,0.4,0.37,2026-09-29,2157,N20,nominal,2.0NRT,296.45,9.29,N
18.01241,54.57141,317.88,0.4,0.37,2026-09-29,2157,N20,nominal,2.0NRT,295.76,1.52,N
17.04045,54.49032,315.63,0.39,0.36,2026-09-29,2159,N20,nominal,2.0NRT,295.73,2.06,N
8.63156,101.3475,352.67,0.51,0.66,2026-09-30,0724,N20,nominal,2.0NRT,286.88,8,D
27.73602,96.06626,343.47,0.39,0.59,2026-09-30,0729,N20,nominal,2.0NRT,288.96,4.45,D
6.43276,81.29213,330.07,0.39,0.59,2026-09-30,0724,N20,nominal,2.0NRT,292.55,3.52,D
27.73723,96.06511,341.58,0.39,0.59,2026-09-30,0729,N20,nominal,2.0NRT,289.42,4.62,D
6.44447,80.75105,335.17,0.42,0.61,2026-09-30,0724,N20,nominal,2.0NRT,292.31,3.27,D
26.81973,85.33169,337.63,0.39,0.36,2026-09-30,0729,N20,nominal,2.0NRT,296.69,2.78,D
7.25259,81.84631,342.58,0.34,0.56,2026-09-30,0724,N20,nominal,2.0NRT,292.14,3.36,D
7.25503,81.84763,335.69,0.34,0.56,2026-09-30,0724,N20,nominal,2.0NRT,291.96,2.35,D
25.20335,76.73972,330.95,0.34,0.56,2026-09-30,0729,N20,nominal,2.0NRT,299.88,2.15,D
7.36759,81.05714,330.09,0.39,0.59,2026-09-30,0726,N20,nominal,2.0NRT,294.46,5.79,D
28.74946,71.15385,333.1,0.61,0.71,2026-09-30,0731,N20,nominal,2.0NRT,299.24,4.97,D
7.58782,81.01924,344.98,0.39,0.59,2026-09-30,0726,N20,nominal,2.0NRT,294.22,3.19,D
28.75048,71.15324,334.72,0.61,0.71,2026-09-30,0731,N20,nominal,2.0NRT,300.06,5.22,D
7.82612,81.11343,349.43,0.38,0.59,2026-09-30,0726,N20,nominal,2.0NRT,296.76,6.65,D
29.78814,72.8183,332.24,0.46,0.63,2026-09-30,0731,N20,nominal,2.0NRT,297.92,3.16,D
7.77802,80.84462,338.14,0.4,0.6,2026-09-30,0726,N20,nominal,2.0NRT,295.58,4.81,D
30.33188,73.56804,333.09,0.4,0.6,2026-09-30,0731,N20,nominal,2.0NRT,297.87,1.93,D
7.83145,81.11246,343.18,0.38,0.59,2026-09-30,0726,N20,nominal,2.0NRT,297.4,5.16,D
30.67275,74.70084,354.33,0.34,0.56,2026-09-30,0731,N20,nominal,2.0NRT,298.24,5.06,D
7.75655,80.66175,351.62,0.41,0.6,2026-09-30,0726,N20,nominal,2.0NRT,291.41,5.1,D
30.67774,74.69925,367,0.34,0.56,2026-09-30,0731,N20,high,2.0NRT,302.5,20.65,D
7.84398,80.6418,333.04,0.41,0.6,2026-09-30,0726,N20,nominal,2.0NRT,292.57,2.65,D
30.67692,74.69582,353.6,0.34,0.56,2026-09-30,0731,N20,nominal,2.0NRT,303.08,13.66,D
8.04979,81.09496,330.23,0.38,0.58,2026-09-30,0726,N20,nominal,2.0NRT,294.91,3.34,D
30.48984,73.85419,346.73,0.38,0.59,2026-09-30,0731,N20,nominal,2.0NRT,299.31,5.88,D
8.21156,81.03739,330.74,0.38,0.59,2026-09-30,0726,N20,nominal,2.0NRT,295.14,2.48,D
30.44163,73.6583,338.35,0.4,0.6,2026-09-30,0731,N20,nominal,2.0NRT,298.02,2.76,D
30.98207,74.44752,335.33,0.35,0.56,2026-09-30,0731,N20,nominal,2.0NRT,298.99,1.95,D
8.12462,80.43655,333.15,0.42,0.61,2026-09-30,0726,N20,nominal,2.0NRT,290.55,4.01,D
30.98096,74.19095,342.28,0.36,0.57,2026-09-30,0731,N20,nominal,2.0NRT,299.14,3.23,D
8.64707,80.49957,330.46,0.4,0.6,2026-09-30,0726,N20,nominal,2.0NRT,290.85,4.93,D
30.98156,74.19049,342.01,0.36,0.57,2026-09-30,0731,N20,nominal,2.0NRT,299.65,2.85,D
9.65265,80.30958,334.07,0.4,0.6,2026-09-30,0726,N20,nominal,2.0NRT,295.04,4.9,D
31.10069,74.63891,335.32,0.33,0.56,2026-09-30,0731,N20,nominal,2.0NRT,299.59,4.22,D
9.50483,77.58497,333.29,0.62,0.71,2026-09-30,0726,N20,nominal,2.0NRT,292.57,5.27,D
31.12642,74.61254,334.65,0.34,0.56,2026-09-30,0731,N20,nominal,2.0NRT,300.65,3.62,D
10.05331,79.01387,332.98,0.48,0.65,2026-09-30,0726,N20,nominal,2.0NRT,292.95,8.03,D
31.55173,75.14087,329.78,0.61,0.54,2026-09-30,0731,N20,nominal,2.0NRT,301.87,2.9,D
10.03709,78.71851,330.21,0.5,0.66,2026-09-30,0726,N20,nominal,2.0NRT,294.05,3.12,D
31.48608,74.54945,330.8,0.33,0.55,2026-09-30,0731,N20,nominal,2.0NRT,300.75,1.51,D
13.85822,100.31039,335.23,0.5,0.66,2026-09-30,0726,N20,nominal,2.0NRT,288.55,4.32,D
31.57648,74.59917,332.14,0.33,0.55,2026-09-30,0731,N20,nominal,2.0NRT,299.67,1.54,D
13.85934,100.31114,333.27,0.5,0.66,2026-09-30,0726,N20,nominal,2.0NRT,288.32,4.05,D
31.66297,74.76675,341.14,0.32,0.55,2026-09-30,0731,N20,nominal,2.0NRT,301.93,2.57,D
10.70892,78.89933,332.8,0.48,0.64,2026-09-30,0726,N20,nominal,2.0NRT,295.8,3.04,D
31.66395,74.76625,339.35,0.32,0.55,2026-09-30,0731,N20,nominal,2.0NRT,301.19,2.17,D
10.89286,79.01672,337.11,0.46,0.64,2026-09-30,0726,N20,nominal,2.0NRT,292.83,8.74,D
31.72326,74.66262,338.76,0.32,0.55,2026-09-30,0731,N20,nominal,2.0NRT,299.98,3.06,D
11.30108,77.31915,336.25,0.6,0.7,2026-09-30,0726,N20,nominal,2.0NRT,291.27,5.21,D
31.83598,74.58247,330.01,0.32,0.55,2026-09-30,0731,N20,nominal,2.0NRT,299.7,1.99,D
13.33345,80.07598,336.85,0.35,0.57,2026-09-30,0726,N20,nominal,2.0NRT,294.19,2.59,D
31.38879,72.24094,344.75,0.45,0.63,2026-09-30,0731,N20,nominal,2.0NRT,296.29,5.15,D
13.87048,79.62819,336.5,0.37,0.58,2026-09-30,0726,N20,nominal,2.0NRT,299.21,2.03,D
31.93929,74.26233,333.5,0.34,0.56,2026-09-30,0731,N20,nominal,2.0NRT,300.29,2.32,D
16.98326,100.36172,328.34,0.55,0.68,2026-09-30,0726,N20,nominal,2.0NRT,282.95,4.11,D
31.91984,73.85737,330.27,0.36,0.57,2026-09-30,0731,N20,low,2.0NRT,300.27,2.83,D
14.06011,80.1069,332.64,0.34,0.56,2026-09-30,0726,N20,nominal,2.0NRT,298.48,2.65,D
31.9855,73.92519,335.32,0.35,0.57,2026-09-30,0731,N20,nominal,2.0NRT,300.38,2.87,D
14.11986,79.93661,333.99,0.35,0.57,2026-09-30,0726,N20,nominal,2.0NRT,297.89,2.29,D
32.14616,74.021,342.14,0.34,0.56,2026-09-30,0731,N20,nominal,2.0NRT,302.53,3.03,D
14.38589,79.73903,344.76,0.36,0.57,2026-09-30,0726,N20,nominal,2.0NRT,297.12,3.34,D
32.14397,74.02208,341.68,0.34,0.56,2026-09-30,0731,N20,nominal,2.0NRT,303.52,3.17,D
15.1231,79.62081,336.35,0.35,0.57,2026-09-30,0729,N20,nominal,2.0NRT,299.48,2.93,D
32.28489,74.45009,338.41,0.32,0.55,2026-09-30,0731,N20,nominal,2.0NRT,300.66,2.08,D
15.12245,79.61752,342.9,0.35,0.57,2026-09-30,0729,N20,nominal,2.0NRT,302.89,5.96,D
34.08183,75.33435,325.21,0.53,0.5,2026-09-30,0731,N20,nominal,2.0NRT,295.27,4.17,D
34.82942,70.72253,351.5,0.45,0.63,2026-09-30,0731,N20,nominal,2.0NRT,303.78,72.24,D
15.14156,78.48534,367,0.42,0.61,2026-09-30,0729,N20,high,2.0NRT,296.06,5.64,D
15.74283,80.33101,344.64,0.62,0.54,2026-09-30,0729,N20,nominal,2.0NRT,291.92,11.5,D
15.92106,79.36684,342.75,0.35,0.57,2026-09-30,0729,N20,nominal,2.0NRT,300.09,2.03,D
16.71242,79.56333,353.38,0.33,0.55,2026-09-30,0729,N20,nominal,2.0NRT,300.21,5.25,D
16.95251,79.41331,338.77,0.34,0.56,2026-09-30,0729,N20,nominal,2.0NRT,297.5,2.5,D
17.0808,79.3266,343.87,0.34,0.56,2026-09-30,0729,N20,nominal,2.0NRT,296.84,3.25,D
17.08417,79.32526,343.86,0.34,0.56,2026-09-30,0729,N20,nominal,2.0NRT,297.67,3.77,D
18.28592,78.57539,331.57,0.36,0.57,2026-09-30,0729,N20,nominal,2.0NRT,295.94,5.1,D
18.82128,78.50321,329.18,0.35,0.57,2026-09-30,0729,N20,nominal,2.0NRT,296.65,1.63,D
18.93197,78.43241,332.65,0.36,0.57,2026-09-30,0729,N20,nominal,2.0NRT,297.24,2.11,D
20.76149,85.29932,331.62,0.41,0.37,2026-09-30,0729,N20,low,2.0NRT,302.43,4.82,D
20.79244,85.25293,336.26,0.41,0.37,2026-09-30,0729,N20,nominal,2.0NRT,301.72,7.04,D
20.79287,85.2535,338.25,0.41,0.37,2026-09-30,0729,N20,nominal,2.0NRT,301.19,5.07,D
20.95461,86.05037,332.85,0.39,0.37,2026-09-30,0729,N20,nominal,2.0NRT,301.88,4,D
20.99702,86.01556,336.67,0.4,0.37,2026-09-30,0729,N20,nominal,2.0NRT,301.23,4.25,D
20.96137,85.18972,341.7,0.42,0.37,2026-09-30,0729,N20,nominal,2.0NRT,306.86,4.6,D
20.96478,85.18909,331.52,0.42,0.37,2026-09-30,0729,N20,low,2.0NRT,305.41,4.6,D
20.96413,85.18515,330.93,0.42,0.37,2026-09-30,0729,N20,low,2.0NRT,305.63,7.22,D
20.96218,85.17331,331.76,0.42,0.37,2026-09-30,0729,N20,low,2.0NRT,302.75,5.38,D
20.96493,85.16869,336.36,0.42,0.37,2026-09-30,0729,N20,nominal,2.0NRT,303.97,5.35,D
20.96964,85.17596,352.26,0.42,0.37,2026-09-30,0729,N20,nominal,2.0NRT,305.38,11,D
20.9758,85.1707,331.92,0.42,0.37,2026-09-30,0729,N20,low,2.0NRT,302.67,4.55,D
21.07705,85.0377,340.98,0.42,0.38,2026-09-30,0729,N20,nominal,2.0NRT,306.34,9.43,D
21.08047,85.03706,340.96,0.42,0.38,2026-09-30,0729,N20,nominal,2.0NRT,305.5,6.31,D
22.05397,88.12537,332.7,0.39,0.36,2026-09-30,0729,N20,nominal,2.0NRT,294.4,2.41,D
21.19019,81.41653,335.85,0.42,0.45,2026-09-30,0729,N20,nominal,2.0NRT,302.76,2.39,D
21.19428,81.41567,336.85,0.42,0.45,2026-09-30,0729,N20,nominal,2.0NRT,303.53,3.84,D
21.67693,84.04008,331.31,0.45,0.39,2026-09-30,0729,N20,low,2.0NRT,303.93,7.04,D
21.30084,81.60406,330.92,0.41,0.45,2026-09-30,0729,N20,low,2.0NRT,301.98,2.34,D
21.74903,83.84386,332.22,0.46,0.39,2026-09-30,0729,N20,low,2.0NRT,306.7,5.97,D
21.75508,83.84382,334.01,0.46,0.39,2026-09-30,0729,N20,low,2.0NRT,305.55,4.95,D
22.36956,87.30087,331.12,0.38,0.36,2026-09-30,0729,N20,nominal,2.0NRT,299.03,2.18,D
22.37665,87.28062,332.34,0.38,0.36,2026-09-30,0729,N20,nominal,2.0NRT,300.73,3.61,D
21.91996,83.3512,344.39,0.48,0.4,2026-09-30,0729,N20,nominal,2.0NRT,309.9,10.31,D
22.20844,84.86346,338.54,0.42,0.37,2026-09-30,0729,N20,nominal,2.0NRT,303.22,5.7,D
22.32176,82.59049,335.09,0.52,0.41,2026-09-30,0729,N20,nominal,2.0NRT,302.71,9.47,D
22.35964,82.30135,334.69,0.53,0.42,2026-09-30,0729,N20,low,2.0NRT,307.05,7.33,D
22.35862,82.30431,335.7,0.53,0.42,2026-09-30,0729,N20,low,2.0NRT,307.94,8.44,D
23.68733,87.12164,334.38,0.39,0.36,2026-09-30,0729,N20,nominal,2.0NRT,302,5.08,D
23.66677,86.9176,339.86,0.38,0.36,2026-09-30,0729,N20,nominal,2.0NRT,301.27,4.3,D
23.6291,86.29134,336.42,0.38,0.36,2026-09-30,0729,N20,nominal,2.0NRT,297.12,4.66,D
23.68533,86.3925,338.89,0.38,0.36,2026-09-30,0729,N20,nominal,2.0NRT,302.54,5.5,D
23.67545,86.0864,331.57,0.39,0.36,2026-09-30,0729,N20,low,2.0NRT,304.34,3.37,D
23.76547,86.40469,330.43,0.38,0.36,2026-09-30,0729,N20,nominal,2.0NRT,297.23,1.91,D
23.77287,86.36491,337.65,0.38,0.36,2026-09-30,0731,N20,nominal,2.0NRT,302.28,3.89,D
23.64773,85.43808,344.49,0.39,0.36,2026-09-30,0731,N20,nominal,2.0NRT,304.21,6.06,D
23.77995,86.20992,345.34,0.38,0.36,2026-09-30,0731,N20,nominal,2.0NRT,304.36,7.22,D
23.80181,86.32905,339.3,0.38,0.36,2026-09-30,0731,N20,nominal,2.0NRT,303.2,5.68,D
23.80665,86.31663,333.06,0.38,0.36,2026-09-30,0731,N20,nominal,2.0NRT,300.71,4.75,D
23.6949,85.28752,336.34,0.4,0.37,2026-09-30,0731,N20,nominal,2.0NRT,305.19,5.39,D
21.14906,72.73802,329.95,0.74,0.76,2026-09-30,0731,N20,nominal,2.0NRT,290.48,2.95,D
22.85707,75.72878,330.52,0.44,0.62,2026-09-30,0731,N20,low,2.0NRT,301.27,2.87,D
26.20095,90.49501,333.19,0.52,0.41,2026-09-30,0731,N20,nominal,2.0NRT,292.84,5.53,D
