name,category,lat,lon
"NTPC Vindhyachal Super Thermal Power Station (4,760 MW)",Thermal Power,24.104,82.67
"NTPC Singrauli Super Thermal Power Station (2,000 MW)",Thermal Power,24.101,82.708
"NTPC Rihand Super Thermal Power Station (3,000 MW)",Thermal Power,24.027,82.793
"NTPC Korba Super Thermal Power Plant (2,600 MW)",Thermal Power,22.385,82.698
"NTPC Sipat Super Thermal Power Station (2,980 MW)",Thermal Power,22.133,82.285
"NTPC Lara Super Thermal Power Project (1,600 MW)",Thermal Power,21.758,83.376
"NTPC Ramagundam Super Thermal Power Station (2,600 MW)",Thermal Power,18.756,79.453
"NTPC Simhadri Super Thermal Power Plant (2,000 MW)",Thermal Power,17.603,83.087
"NTPC Kudgi Super Thermal Power Station (2,400 MW)",Thermal Power,16.711,75.879
"NTPC Talcher Super Thermal Power Station Kaniha (3,000 MW)",Thermal Power,21.096,85.08
"NTPC Darlipali Super Thermal Power Station (1,600 MW)",Thermal Power,21.905,83.847
"NTPC Barh Super Thermal Power Station (3,300 MW)",Thermal Power,25.485,85.733
"NTPC Kahalgaon Super Thermal Power Station (2,340 MW)",Thermal Power,25.263,87.265
"NTPC Farakka Super Thermal Power Station (2,100 MW)",Thermal Power,24.778,87.904
"NTPC Mouda Super Thermal Power Station (2,320 MW)",Thermal Power,21.171,79.397
"NTPC Solapur Super Thermal Power Station (1,320 MW)",Thermal Power,17.585,75.894
"NTPC Gadarwara Super Thermal Power Station (1,600 MW)",Thermal Power,22.888,78.809
"NTPC Khargone Super Thermal Power Plant (1,320 MW)",Thermal Power,21.761,75.845
"NTPC Dadri Super Thermal Power Station (1,820 MW)",Thermal Power,28.6,77.546
"NTPC Unchahar Thermal Power Station (1,550 MW)",Thermal Power,25.912,81.328
"NTPC Tanda Thermal Power Station (1,760 MW)",Thermal Power,26.586,82.597
"Mundra Ultra Mega Thermal Power Complex (4,000 MW)",Thermal Power,22.828,69.528
"Adani Mundra Thermal Power Station (4,620 MW)",Thermal Power,22.821,69.551
"Sasan Ultra Mega Power Plant (3,960 MW)",Thermal Power,23.978,82.628
"Chandrapur Super Thermal Power Station (2,920 MW)",Thermal Power,19.986,79.289
"Koradi Thermal Power Station (2,400 MW)",Thermal Power,21.248,79.097
"Khaparkheda Thermal Power Station (1,340 MW)",Thermal Power,21.282,79.119
"Bhusawal Thermal Power Station (1,420 MW)",Thermal Power,21.048,75.844
"Adani Tiroda Thermal Power Station (3,300 MW)",Thermal Power,21.414,79.967
"Bellary Thermal Power Station (1,700 MW)",Thermal Power,15.195,76.718
"Raichur Thermal Power Station (1,720 MW)",Thermal Power,16.353,77.346
"Yermarus Thermal Power Station (1,600 MW)",Thermal Power,16.297,77.337
"Udupi Thermal Power Plant (1,200 MW)",Thermal Power,13.145,74.795
"Dr. Narla Tata Rao Thermal Power Station Vijayawada (1,760 MW)",Thermal Power,16.598,80.536
"Sri Damodaram Sanjeevaiah Krishnapatnam Power Station (1,600 MW)",Thermal Power,14.331,80.129
"Rayalaseema Thermal Power Station Kadapa (1,650 MW)",Thermal Power,14.711,78.461
"Kothagudem Thermal Power Station (1,800 MW)",Thermal Power,17.551,80.687
"Bhadradri Thermal Power Station Manuguru (1,080 MW)",Thermal Power,17.886,80.793
"Kakatiya Thermal Power Station Warangal (1,100 MW)",Thermal Power,18.232,79.824
"Neyveli Lignite Thermal Power Station (1,000 MW)",Thermal Power,11.597,79.489
"Tuticorin Thermal Power Station (1,050 MW)",Thermal Power,8.761,78.174
"Mettur Thermal Power Station (1,440 MW)",Thermal Power,11.799,77.798
"North Chennai Thermal Power Station Ennore (1,830 MW)",Thermal Power,13.25,80.327
"Wanakbori Thermal Power Station (2,270 MW)",Thermal Power,22.879,73.359
"Ukai Thermal Power Station (1,350 MW)",Thermal Power,21.226,73.585
"Suratgarh Super Thermal Power Plant (2,820 MW)",Thermal Power,29.184,73.896
"Kota Super Thermal Power Plant (1,240 MW)",Thermal Power,25.176,75.808
"Chhabra Thermal Power Plant (2,320 MW)",Thermal Power,24.622,77.034
"Mejia Thermal Power Station (2,340 MW)",Thermal Power,23.458,87.132
"Kolaghat Thermal Power Station (1,260 MW)",Thermal Power,22.428,87.872
"Bakreswar Thermal Power Station (1,050 MW)",Thermal Power,23.829,87.452
"Sagardighi Thermal Power Station (1,600 MW)",Thermal Power,24.364,88.096
"Bokaro Thermal Power Station (1,070 MW)",Thermal Power,23.784,85.882
Chandrapura Thermal Power Station (890 MW),Thermal Power,23.748,86.118
"Durgapur Steel Thermal Power Station (1,000 MW)",Thermal Power,23.518,87.301
Tata Steel Integrated Works Jamshedpur,Steel,22.794,86.194
Tata Steel Kalinganagar Complex,Steel,20.963,86.012
SAIL Bhilai Steel Plant,Steel,21.185,81.401
SAIL Rourkela Steel Plant,Steel,22.222,84.87
SAIL Bokaro Steel Plant,Steel,23.669,86.155
SAIL Durgapur Steel Plant,Steel,23.551,87.322
SAIL IISCO Steel Plant Burnpur,Steel,23.668,86.938
JSW Steel Vijayanagar Works Toranagallu,Steel,15.197,76.669
JSW Steel Dolvi Works,Steel,18.705,73.024
JSW Steel Salem Works,Steel,11.758,78.012
Jindal Steel & Power (JSPL) Angul Complex,Steel,20.84,85.08
Jindal Steel & Power (JSPL) Raigarh Plant,Steel,21.905,83.411
Rashtriya Ispat Nigam Limited (RINL / Vizag Steel Plant),Steel,17.63,83.18
ArcelorMittal Nippon Steel (AM/NS) Hazira Works,Steel,21.144,72.671
Jayaswal Neco Industries Steel Complex Siltara,Steel,21.365,81.65
Jindal Stainless Limited Jajpur Works,Steel,20.97,86.025
Jindal Stainless Limited Hisar Works,Steel,29.148,75.748
Gallantt Ispat Gorakhpur Plant,Steel,26.835,83.441
Sunflag Iron and Steel Bhandara,Steel,21.182,79.68
Electrosteel Steels (ESL / Vedanta) Bokaro,Steel,23.655,86.32
Reliance Jamnagar Mega Refinery & Petrochemical Complex,Refinery,22.396,70.042
Nayara Energy Vadinar Refinery Complex,Refinery,22.328,69.722
IOCL Panipat Mega Refinery & Petrochemical Complex,Refinery,29.378,76.878
Indian Oil (IOCL) Mathura Refinery Complex,Refinery,27.314,77.704
"IOCL Gujarat Refinery (Koyali, Vadodara)",Refinery,22.361,73.125
Indian Oil Barauni Refinery Complex,Refinery,25.424,85.974
IOCL Haldia Refinery,Refinery,22.062,88.082
IOCL Paradip Refinery Complex,Refinery,20.292,86.645
IOCL Bongaigaon Refinery,Refinery,26.505,90.528
IOCL Guwahati Refinery (Noonmati),Refinery,26.183,91.799
IOCL Digboi Refinery,Refinery,27.382,95.632
BPCL Mumbai Refinery (Mahul),Refinery,19.011,72.894
HPCL Mumbai Refinery (Mahul),Refinery,19.006,72.898
BPCL Kochi Refinery (Ambalamugal),Refinery,9.967,76.368
HPCL Visakhapatnam Refinery,Refinery,17.689,83.255
CPCL Manali Refinery (Chennai),Refinery,13.167,80.274
MRPL Mangalore Refinery and Petrochemicals,Refinery,12.988,74.836
HMEL Guru Gobind Singh Refinery Bathinda,Refinery,29.986,75.018
ONGC Petro additions Limited (OPaL) Dahej,Chemical,21.705,72.553
GAIL Pata Petrochemical Complex,Chemical,26.602,79.548
Haldia Petrochemicals Complex,Chemical,22.052,88.072
Mangalore Chemicals & Fertilizers (MCF),Chemical,12.932,74.811
Rashtriya Chemicals & Fertilizers (RCF Thal),Chemical,18.708,72.88
Chambal Fertilisers & Chemicals Gadepan,Chemical,25.267,76.155
NALCO Aluminium Smelter Angul,Steel,20.852,85.147
Vedanta Aluminium Smelter Jharsuguda,Steel,21.848,84.032
Hindalco Renukoot Aluminium Smelter,Steel,24.218,83.034
Hindalco Mahan Aluminium Smelter Singrauli,Steel,24.12,82.385
Hindalco Hirakud Smelter,Steel,21.528,83.874
BALCO Aluminium Smelter Korba,Steel,22.399,82.748
Birla Copper Smelter Complex Dahej,Steel,21.712,72.548
Sterlite Copper Complex Thoothukudi,Steel,8.815,78.115
UltraTech Rajashree Cement Malkhed,Other,17.185,77.165
UltraTech Awarpur Cement Works Chandrapur,Other,19.782,79.168
ACC Wadi Cement Works,Other,17.052,76.992
ACC Jamul Cement Works Durg,Other,21.238,81.385
Ambuja Maratha Cement Works Chandrapur,Other,19.728,79.185
UltraTech Aditya Cement Works Shambhupura,Other,24.786,74.582
UltraTech Reddipalayam Cement Works Ariyalur,Other,11.134,79.082
Dalmia Cement Bharat Dalmiapuram,Other,10.967,78.965
Zuari Cement Works Yerraguntla,Other,14.632,78.536
Penna Cement Works Tadipatri,Other,14.912,77.995
Shree Cement Ras Plant,Other,26.315,74.225
Prism Johnson Cement Satna,Other,24.492,80.958
Kolhapur Gokul Shirgaon Foundry & Engineering Zone,Steel,16.652,74.288
Kolhapur Shiroli & Udyam Nagar Foundry Cluster,Steel,16.692,74.241
Belagavi Machhe & Udyambag Foundry Complex,Steel,15.825,74.485
Chakan & Talegaon Heavy Industrial Corridor,Other,18.755,73.832
Pimpri-Chinchwad Heavy Engineering & Auto Hub,Other,18.628,73.815
Waluj MIDC Heavy Industrial Zone,Other,19.845,75.228
Hazira Heavy Engineering & Petrochemical Zone,Other,21.158,72.658
Ankleshwar GIDC Chemical & Industrial Estate,Chemical,21.628,73.015
Vapi GIDC Chemical & Heavy Industrial Zone,Chemical,20.372,72.925
Sanand GIDC Heavy Industrial Estate,Other,22.985,72.368
Patancheru & Pashamylaram Heavy Industrial Zone,Other,17.525,78.258
Peenya Heavy Industrial Area Bengaluru,Other,13.032,77.518
Hosur SIPCOT Heavy Industrial Complex,Other,12.748,77.835
Ranipet SIPCOT Heavy Industrial Zone,Chemical,12.928,79.332
Coimbatore SIDCO & Kurichi Foundry Cluster,Steel,10.942,76.975
